timestamp,levelPlayID,playerId,timePlayed,TotalScore,MapScore,MapScorePercentage,enemiesKilledPct,HealthBarrelsTaken,PowerUpsTaken,AvgEnemiesAliveOnPowerUpTaken,lootTakenPct,deaths,bowmanTime,knightTime,berserkerTime,bowLightAtk,bowHeavyAtk,bowLightDash,bowHeavyDash,bowDefense,knightLightAtk,knightHeavyAtk,knightLightDash,knightHeavyDash,knightDefense,berserkLightAtk,berserkHeavyAtk,berserkLightDash,berserkHeavyDash,berserkDefense,damageTakenMelee,damageTakenRanged,damageTakenGuardianShield,damageTakenTraps,BowLightAttacksMeleeEnemy,BowHeavyAttacksMeleeEnemy,BowHeavyDashesMeleeEnemy,BowLightAttacksRangedEnemy,BowHeavyAttacksRangedEnemy,BowHeavyDashesRangedEnemy,BowLightAttacksBomberEnemy,BowHeavyAttacksBomberEnemy,BowHeavyDashesBomberEnemy,BowLightAttacksAssassinEnemy,BowHeavyAttacksAssassinEnemy,BowHeavyDashesAssassinEnemy,BowLightAttacksGuardianEnemy,BowHeavyAttacksGuardianEnemy,BowHeavyDashesGuardianEnemy,KnightLightAttacksMeleeEnemy,KnightHeavyAttacksMeleeEnemy,KnightHeavyDashesMeleeEnemy,KnightLightAttacksRangedEnemy,KnightHeavyAttacksRangedEnemy,KnightHeavyDashesRangedEnemy,KnightLightAttacksBomberEnemy,KnightHeavyAttacksBomberEnemy,KnightHeavyDashesBomberEnemy,KnightLightAttacksAssassinEnemy,KnightHeavyAttacksAssassinEnemy,KnightHeavyDashesAssassinEnemy,KnightLightAttacksGuardianEnemy,KnightHeavyAttacksGuardianEnemy,KnightHeavyDashesGuardianEnemy,BerserkerLightAttacksMeleeEnemy,BerserkerHeavyAttacksMeleeEnemy,BerserkerHeavyDashesMeleeEnemy,BerserkerLightAttacksRangedEnemy,BerserkerHeavyAttacksRangedEnemy,BerserkerHeavyDashesRangedEnemy,BerserkerLightAttacksBomberEnemy,BerserkerHeavyAttacksBomberEnemy,BerserkerHeavyDashesBomberEnemy,BerserkerLightAttacksAssassinEnemy,BerserkerHeavyAttacksAssassinEnemy,BerserkerHeavyDashesAssassinEnemy,BerserkerLightAttacksGuardianEnemy,BerserkerHeavyAttacksGuardianEnemy,BerserkerHeavyDashesGuardianEnemy,GeometryBehavior,FurnishingBehaviorSpread,FurnishingBehaviorRatio,EnemyBehaviorRatio,EnemyBehaviorDifficulty,AttackSpeedMultiplier,MovementSpeedMultiplier,DamageMultiplier,FormChangeCount,FormChangeCountInCombat,OptionalRoomPercentage,AverageDistanceToMainPath,AverageDistanceToWall,AverageDistanceToEnemies,BowDefenseToMelee,BowDefenseToRanged,BowDefenseToBomber,BowDefenseToAssasssin,BowDefenseToGuardian,KnightDefenseToMelee,KnightDefenseToRanged,KnightDefenseToBomber,KnightDefenseToAssasssin,KnightDefenseToGuardian,BerserkerDefenseToMelee,BerserkerDefenseToRanged,BerserkerDefenseToBomber,BerserkerDefenseToAssasssin,BerserkerDefenseToGuardian,PowerUpsTakenPercent
4/8/2026 15:48:25,,d424beb6e894a54d29bb52de3dc5fec7edd67d1b,94.21948242,250,250,16.23376656,18.75,1,3,27,28.5714283,1,0,94.21948242,0,0,0,0,0,0,44,1,0,0,5,0,0,0,0,0,90,40,25,40,0,0,0,0,0,0,0,0,0,0,0,0,0,0,0,17,0,0,3,0,0,5,0,0,4,0,0,3,0,0,0,0,0,0,0,0,0,0,0,0,0,0,0,0,0,7,2,1,85,2,0,0,0,1,0,50,3.937736034,2.405937195,8.62551403,0,0,0,0,0,0,0,0,0,0,3,0,0,0,2,
4/8/2026 15:51:21,,d424beb6e894a54d29bb52de3dc5fec7edd67d1b,177.8607483,550,550,35.7142868,43.75,4,5,23.79999924,57.1428566,1,0,177.8607483,0,0,0,0,0,0,85,1,1,0,1,0,0,0,0,0,90,70,35,5,0,0,0,0,0,0,0,0,0,0,0,0,0,0,0,23,2,0,6,0,0,10,0,0,8,0,0,21,0,0,0,0,0,0,0,0,0,0,0,0,0,0,0,0,0,7,2,1,85,2,0,0,0,2,0,100,9.478835106,2.656255484,4.180088997,0,0,0,0,0,0,0,0,0,0,1,1,0,0,0,
4/8/2026 15:54:41,,d424beb6e894a54d29bb52de3dc5fec7edd67d1b,123.5998688,250,250,16.23376656,25,1,1,29,14.28571415,1,50.05077362,58.55072784,14.99866104,11,11,0,0,3,28,3,7,0,4,10,2,0,0,2,80,57.5,45,0,0,16,0,0,0,0,1,6,0,0,1,0,0,11,0,7,0,0,2,0,0,0,0,0,2,0,0,12,0,0,4,3,0,0,0,0,0,0,0,0,0,0,0,0,0,7,2,1,85,2,0,0,0,16,7,50,5.936278343,3.207528353,7.848993301,0,0,0,0,0,0,0,0,0,0,2,1,0,0,0,
4/8/2026 15:55:57,,d424beb6e894a54d29bb52de3dc5fec7edd67d1b,76.98023224,280,280,18.18181801,28.125,2,1,29,14.28571415,1,34.15921402,4.822638512,37.99793243,11,12,2,0,0,0,0,0,0,0,61,0,9,2,1,70,60,25,0,3,13,0,3,0,0,0,7,0,0,1,0,0,0,0,0,0,0,0,0,0,0,0,0,0,0,0,0,0,0,13,1,1,3,0,0,0,0,0,3,0,0,26,0,1,7,2,1,85,2,0,0,0,10,4,50,8.194840431,2.161248446,2.271627426,0,0,0,0,0,0,0,0,0,0,0,0,0,0,0,
4/8/2026 15:57:51,,d424beb6e894a54d29bb52de3dc5fec7edd67d1b,113.5788803,370,370,24.02597427,31.25,4,3,25.66666603,35.7142868,1,8.623365402,104.5344696,0.4212022722,4,2,1,0,0,64,8,12,4,3,0,0,0,0,0,90,70,20,5,0,0,0,0,0,0,0,0,0,0,2,0,0,0,0,14,5,0,4,0,1,4,1,0,4,0,2,19,0,3,0,0,0,0,0,0,0,0,0,0,0,0,0,0,0,7,2,1,85,2,0,0,0,5,0,100,8.439801216,2.658551216,2.062182665,0,0,0,0,0,0,0,0,0,0,0,0,0,1,1,
4/8/2026 16:00:53,,d424beb6e894a54d29bb52de3dc5fec7edd67d1b,179.8189545,740,740,48.05194855,62.5,7,6,20.66666603,64.2857132,1,31.30744743,10.51524544,137.9972687,6,6,4,0,0,3,0,0,0,0,200,0,20,6,4,110,50,25,0,4,17,0,0,0,0,1,5,0,0,0,0,0,0,0,1,0,0,0,0,0,0,0,0,0,0,0,0,0,0,38,1,0,9,0,0,11,0,1,12,0,0,36,0,8,7,2,1,85,2,0,0,0,17,3,100,7.664310932,2.610263348,1.943989158,0,0,0,0,0,0,0,0,0,0,0,0,0,0,0,
4/8/2026 18:11:48,,4036b402136b005f97a637e85f7961f4a1df5e23,362.2565002,1030,1030,66.88311768,75,3,3,19,42.8571434,0,106.1255951,137.8531342,118.2806473,76,11,2,0,0,65,6,10,11,2,55,9,6,8,4,30,37.5,60,20,50,24,0,1,2,0,6,1,0,0,3,0,0,0,0,5,1,2,1,0,1,3,0,1,2,0,1,31,2,20,16,5,0,0,0,0,3,0,2,1,0,1,13,0,5,7,2,1,85,2,1.149999976,1.100000024,1.149999976,28,12,0,6.554191113,4.449065208,7.023402691,0,0,0,0,0,0,0,0,0,0,0,1,0,0,7,
4/8/2026 18:15:20,,4036b402136b005f97a637e85f7961f4a1df5e23,215.4616089,1290,1290,55.84415436,70,9,5,52.20000076,84.61538696,0,121.737709,83.07052612,10.65224266,168,6,5,2,0,46,1,7,6,0,4,0,1,1,1,120,0,0,0,159,35,6,0,0,0,0,0,0,0,0,0,0,0,0,45,1,53,0,0,0,0,0,0,0,0,0,0,0,0,3,0,6,0,0,0,0,0,0,0,0,0,0,0,0,6,2,2,55,3,1.299999952,1,1.449999928,15,11,50,6.690890312,2.935259819,3.36504674,0,0,0,0,0,0,0,0,0,0,0,0,0,0,0,
4/8/2026 18:20:01,,4036b402136b005f97a637e85f7961f4a1df5e23,279.3616333,1560,1560,61.17647171,80,16,18,19,78.125,0,253.357666,26.0013485,0,273,2,2,8,0,7,0,0,3,0,0,0,0,0,0,20,0,0,155,0,0,0,0,0,0,125,2,0,0,0,0,0,0,0,0,0,0,0,0,0,4,0,1,0,0,0,0,0,0,0,0,0,0,0,0,0,0,0,0,0,0,0,0,0,9,3,1,0,2,1.899999857,1.400000095,2.200000048,10,7,66.66666412,8.557215691,2.273735762,2.733234167,0,0,0,0,0,0,0,0,0,0,0,0,0,0,0,
4/8/2026 18:26:27,,4036b402136b005f97a637e85f7961f4a1df5e23,304.580658,1350,1350,81.8181839,80,27,3,25.66666603,53.84615326,0,290.5913696,13.99002457,0,179,0,7,5,0,6,0,1,2,1,0,0,0,0,0,0,120,0,0,0,0,0,40,0,3,0,0,0,48,0,0,0,0,0,0,0,0,1,0,1,0,0,0,1,0,2,0,0,0,0,0,0,0,0,0,0,0,0,0,0,0,0,0,0,6,2,4,17,1,1.149999976,1.100000024,1.149999976,5,3,66.66666412,10.09562874,4.979477882,1.512422681,0,0,0,0,0,0,0,0,0,0,0,1,0,0,0,
4/8/2026 18:29:57,,4036b402136b005f97a637e85f7961f4a1df5e23,210.0583191,950,950,62.5,44.11764526,32,12,24.83333397,94.44444275,1,11.83765602,177.676178,20.54611778,2,0,1,0,0,86,0,3,19,1,53,0,0,1,0,0,190,210,0,0,0,0,0,0,0,0,0,0,0,0,0,1,0,0,0,0,0,9,0,10,0,0,0,0,0,0,65,0,83,0,0,0,0,0,0,0,0,0,0,0,0,57,0,3,4,4,1,113,3,0,0,0,14,12,50,18.77509499,1.518787742,2.001445532,0,0,0,0,0,0,0,0,0,0,0,4,0,0,34,
4/8/2026 18:30:42,,4036b402136b005f97a637e85f7961f4a1df5e23,45.9405899,480,480,31.57894707,23.52941132,32,8,30,44.44444275,1,0.04753409699,28.24968719,17.64315987,0,0,0,0,0,13,0,0,5,0,33,0,1,1,0,0,60,150,0,0,0,0,0,0,0,0,0,0,0,0,0,0,0,0,0,0,0,4,0,6,0,0,0,0,0,0,3,0,17,0,0,0,13,0,2,0,0,0,0,0,0,3,0,1,4,4,1,113,3,0,0,0,13,11,0,18.3767662,1.200523615,0.3685181141,0,0,0,0,0,0,0,0,0,0,0,2,0,0,7,
4/8/2026 18:32:59,,4036b402136b005f97a637e85f7961f4a1df5e23,137.0014954,770,770,50.65789413,44.11764526,32,6,30.5,33.33333206,1,0,69.50623322,67.49423981,0,0,0,0,0,15,0,3,9,1,141,0,1,7,0,0,120,120,0,0,0,0,0,0,0,0,0,0,0,0,0,0,0,0,0,0,0,3,0,6,0,0,0,0,0,0,5,0,32,0,0,0,9,0,3,0,0,0,0,0,0,99,0,15,4,4,1,113,3,0,0,0,25,23,0,17.59379387,1.368813276,1.185998917,0,0,0,0,0,0,0,0,0,0,0,2,0,0,14,
4/8/2026 18:38:11,,4036b402136b005f97a637e85f7961f4a1df5e23,311.4138184,2090,2090,137.5,100,37,13,21.92307663,100,0,0.9819822907,144.9593811,165.4788208,0,0,0,0,0,8,0,5,17,0,363,1,11,20,0,0,130,345,0,0,0,0,0,0,0,0,0,0,0,0,0,0,0,0,0,0,0,0,0,5,0,0,0,0,0,0,1,0,124,0,0,0,28,0,5,0,0,0,0,0,0,319,0,27,4,4,1,113,3,1.899999857,1.200000048,1.749999881,78,71,100,16.35076714,1.614937782,1.931571722,0,0,0,0,0,0,0,0,0,0,0,2,0,0,58,
4/8/2026 18:41:40,,4036b402136b005f97a637e85f7961f4a1df5e23,209.6799469,1000,1000,64.93506622,75,38,2,24.5,21.4285717,0,79.3406601,47.50423813,82.83486938,94,0,2,0,0,8,0,1,1,0,148,1,3,9,0,10,28.625,25,0,52,0,0,3,0,0,7,0,0,6,0,0,0,0,0,2,0,4,0,0,1,0,0,1,0,0,0,0,0,14,40,0,3,2,0,1,11,0,1,0,0,0,62,1,6,7,2,1,85,2,1.149999976,1,1.149999976,37,31,0,5.513058186,3.845570564,0.5850734711,0,0,0,0,0,0,0,0,0,0,0,0,0,0,5,
4/8/2026 18:42:37,,4036b402136b005f97a637e85f7961f4a1df5e23,56.61919022,300,300,12.98701286,20,38,2,59,15.38461494,1,6.650241375,19.08666801,30.88236618,9,0,0,0,0,6,0,2,2,0,61,0,1,4,0,140,0,0,0,6,0,0,0,0,0,0,0,0,0,0,0,0,0,0,5,0,23,0,0,0,0,0,0,0,0,0,0,0,0,62,0,23,0,0,0,0,0,0,0,0,0,0,0,0,6,2,2,55,3,0,0,0,18,16,0,2.286226273,1.487563968,0.2601945698,0,0,0,0,0,0,0,0,0,0,0,0,0,0,0,
4/8/2026 18:47:00,,4036b402136b005f97a637e85f7961f4a1df5e23,263.3218994,1710,1710,74.02597046,100,44,7,44.1428566,100,0,144.7857208,6.75944376,111.7733917,129,21,4,1,6,1,0,0,1,0,140,1,3,1,0,130,0,0,0,118,129,0,0,0,0,0,0,0,0,0,0,0,0,0,1,0,17,0,0,0,0,0,0,0,0,0,0,0,0,151,1,7,0,0,0,0,0,0,0,0,0,0,0,0,6,2,2,55,3,1.299999952,1.200000048,1.449999928,17,11,100,5.91209507,2.31886363,0.8153460026,14,0,0,0,0,0,0,0,0,0,0,0,0,0,0,
4/8/2026 18:49:46,,4036b402136b005f97a637e85f7961f4a1df5e23,165.899231,1260,1260,49.41176605,73.33333588,44,10,21.29999924,31.25,0,153.8837585,9.043292046,2.971391439,99,13,1,0,0,1,0,0,0,1,2,0,0,0,0,0,0,0,20,0,0,0,0,0,0,76,67,0,0,0,0,0,0,0,0,0,0,0,0,0,0,0,0,0,0,0,0,0,0,0,0,0,0,0,0,0,0,0,0,0,0,0,0,0,9,3,1,0,2,1.449999928,1.400000095,1.449999928,8,4,66.66666412,9.177272797,2.199516296,0.5782952905,0,0,0,0,0,0,0,0,0,0,0,0,0,0,0,
4/9/2026 13:25:15,,e41779a9e75c1e3caf62a0b103db74f908610dc5,268.8589783,710,710,46.10389709,62.5,3,5,23.79999924,57.1428566,1,46.88990021,134.6403656,87.32913971,2,10,8,0,0,15,30,32,3,3,8,29,4,0,1,20,70,60,30,5,27,0,0,0,0,0,7,0,0,0,0,0,0,0,0,0,0,2,1,1,0,2,0,1,4,0,5,14,8,0,30,0,0,1,0,0,3,0,0,4,0,0,1,0,7,2,1,85,2,0,0,0,11,1,100,7.41906023,3.20342207,7.63169241,0,0,0,0,0,0,0,0,0,0,0,0,0,0,4,
4/9/2026 13:28:54,,e41779a9e75c1e3caf62a0b103db74f908610dc5,219.1576691,1350,1350,87.66233826,93.75,8,7,19.1428566,85.7142868,0,4.063169003,5.134157658,209.9599762,0,1,1,0,0,0,0,0,0,0,125,69,12,0,1,40,129,5,15,0,0,0,0,0,0,0,0,0,0,0,0,0,0,0,0,0,0,0,0,0,0,0,0,0,0,0,0,0,0,26,42,0,1,7,0,5,11,0,4,9,0,42,27,0,7,2,1,85,2,1.599999905,1.100000024,1.299999952,6,3,100,6.763518333,3.916439772,2.601510763,0,0,0,0,0,0,0,0,0,0,0,0,0,0,0,
4/9/2026 13:32:09,,e41779a9e75c1e3caf62a0b103db74f908610dc5,172.0604248,1710,1710,74.02597046,100,14,7,37.7142868,100,0,0,3.808652639,168.2520599,0,0,0,0,0,1,1,1,0,0,16,81,17,1,1,90,0,0,0,0,0,0,0,0,0,0,0,0,0,0,0,0,0,0,4,0,0,0,0,0,0,0,0,0,0,0,0,0,0,22,216,2,0,0,0,0,0,0,0,0,0,0,0,0,6,2,2,55,3,1,1.300000072,1.599999905,4,2,100,8.022908211,2.708359241,1.601213217,0,0,0,0,0,0,0,0,0,0,0,0,0,0,0,
4/9/2026 13:35:58,,e41779a9e75c1e3caf62a0b103db74f908610dc5,214.6416168,1590,1590,62.35293961,83.33333588,21,18,18.5,78.125,0,194.1540527,11.75257874,8.734593391,107,12,28,0,0,0,0,0,0,2,0,1,0,0,0,120,0,0,40,0,0,0,0,0,0,88,52,0,0,0,0,0,0,0,0,0,0,0,0,0,0,0,0,0,0,0,0,0,0,0,0,0,0,0,0,0,1,0,0,0,0,0,0,0,9,3,1,0,2,2.049999952,1.700000167,1.599999905,10,5,66.66666412,8.266974449,2.306442976,1.954057217,0,0,0,0,0,0,0,0,0,0,0,0,0,0,0,
4/9/2026 13:41:12,,e41779a9e75c1e3caf62a0b103db74f908610dc5,313.9595947,1620,1620,98.1818161,97.5,39,5,27.60000038,88.46154022,0,10.80582714,31.26976204,271.8840027,9,0,2,0,0,12,0,3,0,2,20,90,37,0,1,40,270,0,0,0,0,0,3,0,0,0,0,0,0,0,0,0,0,0,0,0,0,4,1,1,0,0,0,0,0,0,0,0,0,0,0,0,6,17,0,0,0,0,1,49,0,0,0,0,6,2,4,17,1,1.299999952,1.200000048,1.149999976,5,3,100,8.895922661,5.993802071,1.599496722,0,0,0,0,0,0,0,0,0,0,0,2,0,0,0,
4/9/2026 13:45:50,,e41779a9e75c1e3caf62a0b103db74f908610dc5,277.8625793,2090,2090,137.5,100,44,13,18.15384674,100,0,10.55893898,218.6161957,48.6866951,11,0,0,0,0,7,132,52,1,0,20,30,5,2,0,0,160,50,0,0,0,0,4,0,0,0,0,0,0,0,0,0,0,0,0,0,0,2,10,0,0,0,0,0,0,0,5,137,13,0,0,0,4,1,0,0,0,0,0,0,0,10,28,6,4,4,1,113,3,1.749999881,1.500000119,1.449999928,7,4,100,17.0707531,1.306271672,2.532453775,0,0,0,0,0,0,0,0,0,0,0,0,0,0,3,
4/9/2026 13:49:30,,e41779a9e75c1e3caf62a0b103db74f908610dc5,220.4599304,1320,1320,85.7142868,93.75,47,6,21.66666603,64.2857132,0,4.197896957,19.03511429,197.2260284,0,0,0,0,0,2,6,4,1,0,89,65,26,0,0,30,70,20,0,0,0,0,0,0,0,0,0,0,0,0,0,0,0,0,0,0,0,0,1,0,0,0,0,0,0,0,3,4,3,3,57,0,3,4,0,2,12,0,6,7,0,37,21,0,7,2,1,85,2,1.449999928,1.100000024,1.299999952,14,8,100,5.807839394,3.426859856,0.8819959164,0,0,0,0,0,0,0,0,0,0,0,0,0,0,1,
4/9/2026 16:40:44,,a337940f472f2f83c15e80db566145fe9e844d0d,208.3400726,1380,1380,89.61038971,100,3,6,20.16666603,64.2857132,0,0.4685711861,207.4724579,0.3990620375,0,0,0,0,0,41,51,20,2,3,0,0,0,0,0,80,60,60,10,0,0,0,0,0,0,0,0,0,0,0,0,0,0,0,33,19,1,4,2,1,4,8,0,4,3,1,14,27,0,0,0,0,0,0,0,0,0,0,0,0,0,0,0,0,7,2,1,85,2,1.149999976,1.300000072,1.299999952,5,0,100,8.779598236,3.707583904,5.953211784,0,0,0,0,0,0,0,0,0,0,4,0,0,0,6,
4/9/2026 16:43:33,,a337940f472f2f83c15e80db566145fe9e844d0d,169.0385742,1710,1710,74.02597046,100,9,7,45.1428566,100,0,97.78104401,38.73361206,32.52548981,24,15,16,0,1,1,15,3,0,1,6,16,1,1,0,90,0,0,0,29,86,0,0,0,0,0,0,0,0,0,0,0,0,0,0,54,0,0,0,0,0,0,0,0,0,0,0,0,0,15,59,12,0,0,0,0,0,0,0,0,0,0,0,0,6,2,2,55,3,1.299999952,1.100000024,1.599999905,15,11,100,6.899839401,2.385788202,2.995743752,0,0,0,0,0,0,0,0,0,0,2,0,0,0,0,
4/9/2026 16:47:07,,a337940f472f2f83c15e80db566145fe9e844d0d,212.5786743,1800,1800,70.58823395,83.33333588,16,25,18.36000061,100,0,156.1135559,36.97471619,19.49175262,68,14,9,0,0,3,0,1,0,6,2,0,0,0,6,40,0,0,65,0,0,0,0,0,0,40,71,0,0,0,0,0,0,0,0,0,0,0,0,0,3,0,0,0,0,0,0,0,0,0,0,0,0,0,0,0,0,0,0,0,0,0,0,0,9,3,1,0,2,1.749999881,2.000000238,2.500000238,11,5,66.66666412,5.780673981,2.38591218,2.968419552,0,0,0,0,0,0,0,0,0,0,0,0,0,9,0,
4/9/2026 16:51:22,,a337940f472f2f83c15e80db566145fe9e844d0d,245.6171112,1650,1650,100,100,26,5,22.60000038,57.69230652,0,240.62117,2.022595882,2.972765923,209,0,46,6,0,1,0,0,0,0,0,0,1,0,0,20,70,0,0,0,0,0,45,0,0,0,0,0,75,0,0,0,0,0,0,0,0,0,0,0,0,0,0,0,0,0,0,0,0,0,0,0,0,0,0,0,0,0,0,0,0,0,0,0,6,2,4,17,1,1.299999952,1.200000048,1.149999976,7,4,100,10.00054073,5.453516006,1.84868753,0,0,0,0,0,0,0,0,0,0,0,0,0,0,0,
4/9/2026 16:52:50,,a337940f472f2f83c15e80db566145fe9e844d0d,90.03993988,200,200,13.15789509,5.882352829,26,4,33,22.22222137,1,8.620381355,42.93645477,38.48295212,2,1,1,0,0,1,1,1,0,2,1,16,0,0,5,0,160.375,5,0,0,0,0,0,0,0,0,0,0,0,0,0,0,0,0,0,0,0,0,0,0,0,0,0,0,0,0,0,2,0,0,0,0,1,1,0,0,0,0,0,0,0,2,27,0,4,4,1,113,3,0,0,0,14,12,0,15.2804451,1.384655356,1.331285834,0,0,0,0,0,0,0,0,0,0,0,2,2,0,1,
4/9/2026 16:53:54,,a337940f472f2f83c15e80db566145fe9e844d0d,61.47967148,210,210,13.81578922,8.823529243,26,4,34,22.22222137,1,0,21.28896332,40.19071579,0,0,0,0,0,0,0,0,0,1,9,18,2,0,2,0,90,75,0,0,0,0,0,0,0,0,0,0,0,0,0,0,0,0,0,0,0,0,0,0,0,0,0,0,0,0,0,0,0,0,0,0,4,3,0,0,0,0,0,0,0,2,23,0,4,4,1,113,3,0,0,0,3,1,0,11.84333038,1.142400146,0.8266160488,0,0,0,0,0,0,0,0,0,0,0,1,0,0,1,
4/9/2026 16:54:49,,a337940f472f2f83c15e80db566145fe9e844d0d,55.24013138,360,360,23.68420982,17.64705849,26,4,31,22.22222137,1,0,55.24013138,0,0,0,0,0,0,0,18,2,0,7,0,0,0,0,0,0,210,95,0,0,0,0,0,0,0,0,0,0,0,0,0,0,0,0,0,0,0,0,3,0,0,0,0,0,0,0,0,34,2,0,0,0,0,0,0,0,0,0,0,0,0,0,0,0,4,4,1,113,3,0,0,0,2,0,0,18.03856659,1.966582298,0.5480875373,0,0,0,0,0,0,0,0,0,0,0,8,0,0,14,
4/9/2026 16:55:51,,a337940f472f2f83c15e80db566145fe9e844d0d,54.63959503,90,90,5.921052456,2.941176414,26,2,34,11.11111069,1,16.53699875,35.21437073,2.887942076,10,1,1,0,1,0,12,1,0,3,0,2,0,0,0,0,162.5,15,0,0,0,0,3,0,0,0,0,0,0,0,0,0,0,0,0,0,0,0,0,0,0,0,0,0,0,0,0,18,0,0,0,0,0,0,0,0,0,0,0,0,0,0,0,0,4,4,1,113,3,0,0,0,9,7,0,14.09733105,1.298823357,0.6345265508,0,0,0,0,2,0,0,0,0,0,0,2,0,0,1,
4/9/2026 16:58:15,,a337940f472f2f83c15e80db566145fe9e844d0d,153.0397034,560,560,36.84210587,29.41176414,26,6,29.5,33.33333206,1,12.40740395,98.07448578,42.55804062,10,0,3,0,0,2,15,4,4,3,25,0,1,4,0,0,180,65,0,0,0,0,3,0,0,0,0,0,0,0,0,0,0,0,0,0,0,1,1,1,0,0,0,0,0,0,2,19,14,0,0,0,0,0,6,0,0,0,0,0,0,14,0,8,4,4,1,113,3,0,0,0,9,7,0,14.52400398,1.13824904,1.594568491,0,0,0,0,0,0,0,0,0,0,0,4,0,0,10,
4/9/2026 17:03:59,,a337940f472f2f83c15e80db566145fe9e844d0d,315.0574036,2090,2090,137.5,100,31,13,18.15384674,100,0,33.46622086,266.0652771,15.5294342,29,0,0,0,0,37,93,4,16,4,5,0,0,2,0,0,170,135,0,0,0,0,6,0,0,0,0,0,0,0,0,15,0,0,0,0,0,6,2,7,0,0,0,0,0,0,25,98,59,0,0,0,1,0,4,0,0,0,0,0,0,0,0,8,4,4,1,113,3,1.749999881,1.300000072,1.749999881,10,7,100,14.7527523,1.282018304,2.595497131,0,0,0,0,0,0,0,0,0,0,0,4,0,0,23,
4/9/2026 17:08:05,,a337940f472f2f83c15e80db566145fe9e844d0d,244.5776367,1410,1410,91.55844116,100,35,7,17.2857151,78.57142639,0,40.62799454,136.8665161,67.0855484,41,0,2,0,0,22,28,9,9,2,18,19,3,5,0,50,60,50,30,0,0,0,4,0,0,4,0,0,11,0,0,1,0,0,0,6,7,2,0,2,7,1,3,2,0,0,1,23,30,3,37,13,0,0,2,4,1,2,0,2,0,2,0,5,7,2,1,85,2,1.449999928,1.200000048,1.299999952,10,8,100,8.096492767,4.38593483,0.8342698812,0,0,0,0,0,0,0,0,0,0,0,1,0,0,8,
4/9/2026 17:11:08,,a337940f472f2f83c15e80db566145fe9e844d0d,182.338562,1710,1710,74.02597046,100,41,7,41.7142868,100,0,79.26818085,103.0720901,0,71,5,9,2,9,7,24,6,1,4,0,0,0,0,0,220,0,0,0,70,29,3,0,0,0,0,0,0,0,0,0,0,0,0,26,115,8,0,0,0,0,0,0,0,0,0,0,0,0,0,0,0,0,0,0,0,0,0,0,0,0,0,0,0,6,2,2,55,3,1.449999928,1.300000072,1.149999976,4,2,100,5.361586571,2.05226922,0.635399282,37,0,0,0,0,0,0,0,0,0,11,0,0,0,0,
4/9/2026 17:14:51,,a337940f472f2f83c15e80db566145fe9e844d0d,215.9391479,1950,1950,76.47058868,100,48,25,14.68000031,100,0,163.7883911,33.13551712,19.01449966,155,3,8,1,14,5,5,0,0,1,26,2,0,1,1,0,0,0,115,0,0,0,0,0,0,105,9,0,0,0,0,0,0,0,0,0,0,0,0,0,4,2,0,0,0,0,0,0,0,0,0,0,0,0,0,12,0,2,0,0,0,0,0,0,9,3,1,0,2,2.950000525,1.800000191,1.599999905,13,6,100,9.252922058,2.664530993,0.6998209357,0,0,14,0,0,0,0,0,0,0,0,0,0,3,0,
4/9/2026 17:16:11,,a337940f472f2f83c15e80db566145fe9e844d0d,57.00006485,180,180,10.909091,12.5,51,1,35,15.38461494,1,7.603965282,4.993643284,44.4024086,7,0,1,0,0,4,0,0,0,0,2,5,4,1,1,80,90,0,0,0,0,0,1,0,0,0,0,0,4,0,0,0,0,0,0,0,0,2,0,0,0,0,0,0,0,0,0,0,0,0,0,0,1,0,0,0,0,0,0,3,0,0,0,0,6,2,4,17,1,0,0,0,5,3,33.33333206,13.43450737,4.658733845,0.1019160002,0,0,0,0,0,0,0,0,0,0,0,0,0,0,0,
4/10/2026 3:34:26,,bbd174147e56b9d0ecff534e0bc4e7aa42920e66,157.7793884,490,490,31.81818199,43.75,3,3,24.33333397,42.8571434,1,58.31676865,29.94324303,69.51908112,29,6,6,3,1,6,4,5,1,1,74,2,8,3,1,0,102.5,45,20,8,0,0,3,3,0,1,0,2,3,9,0,0,0,3,3,0,2,0,0,0,1,1,0,0,0,0,0,0,0,10,0,4,0,0,2,3,1,2,0,0,0,29,1,5,7,2,1,85,2,0,0,0,25,15,100,6.778659344,3.00354743,7.552289963,0,0,0,0,0,0,0,0,0,0,0,0,0,0,0,
4/10/2026 3:36:35,,bbd174147e56b9d0ecff534e0bc4e7aa42920e66,128.8600464,540,540,35.06493378,62.5,4,2,25.5,21.4285717,1,70.65309143,8.392502785,49.81505585,27,10,4,2,1,0,0,0,0,0,70,0,5,4,0,20,20,10,100,14,44,2,0,0,0,0,0,6,3,3,0,0,0,0,0,0,0,0,0,0,0,0,0,0,0,0,0,0,0,32,0,4,2,0,1,7,0,0,0,0,0,14,0,6,7,2,1,85,2,0,0,0,7,5,0,5.674082756,3.533570766,3.42687583,0,0,0,0,0,0,0,0,0,0,0,0,0,0,0,
4/10/2026 3:40:56,,bbd174147e56b9d0ecff534e0bc4e7aa42920e66,258.6216431,1350,1350,87.66233826,96.875,7,6,20.5,64.2857132,0,42.28932953,12.69896507,203.6350555,17,6,3,0,0,3,0,0,0,1,87,72,6,9,0,90,60,25,5,0,6,0,2,3,0,0,5,0,1,3,0,0,0,0,1,2,0,0,0,0,0,0,0,0,0,0,0,0,0,25,33,3,2,2,1,6,5,3,1,5,2,11,37,7,7,2,1,85,2,1.149999976,1.200000048,1.449999928,15,12,100,8.406862259,3.788730145,2.84300971,0,0,0,0,0,0,0,0,0,0,1,0,0,0,0,
4/10/2026 3:41:43,,bbd174147e56b9d0ecff534e0bc4e7aa42920e66,49.1592865,430,430,18.61471939,23.33333397,9,5,50,53.84615326,1,0,5.323852062,43.83546448,0,0,0,0,0,3,1,0,0,0,36,15,1,2,1,160,0,0,0,0,0,0,0,0,0,0,0,0,0,0,0,0,0,0,5,2,0,0,0,0,0,0,0,0,0,0,0,0,0,48,36,11,0,0,0,0,0,0,0,0,0,0,0,0,6,2,2,55,3,0,0,0,3,1,50,3.028938055,1.427147865,0.6525574923,0,0,0,0,0,0,0,0,0,0,0,0,0,0,0,
4/10/2026 3:44:29,,bbd174147e56b9d0ecff534e0bc4e7aa42920e66,166.6622009,1550,1550,67.0995636,91.66666412,13,5,42.20000076,69.2307663,0,6.786531448,100.1737823,59.70097351,1,0,0,0,0,28,29,2,2,0,18,31,1,3,1,130,0,0,0,1,0,0,0,0,0,0,0,0,0,0,0,0,0,0,31,73,14,0,0,0,0,0,0,0,0,0,0,0,0,36,61,28,0,0,0,0,0,0,0,0,0,0,0,0,6,2,2,55,3,1.149999976,1.300000072,1.149999976,11,8,50,3.765012503,2.448405504,1.249050498,0,0,0,0,0,0,0,0,0,0,0,0,0,0,0,
4/10/2026 3:47:57,,bbd174147e56b9d0ecff534e0bc4e7aa42920e66,207.681778,1380,1380,54.11764526,60,18,18,23.72222137,71.875,0,185.6279449,11.68689823,10.36652565,204,2,2,1,0,0,0,2,0,0,12,1,0,0,0,80,0,0,45,0,0,0,0,0,0,101,0,0,0,0,0,0,0,0,0,0,0,0,0,0,0,0,0,0,0,0,0,0,0,0,0,0,0,0,0,5,1,0,0,0,0,0,0,0,9,3,1,0,2,1.899999857,1.500000119,2.049999952,9,5,66.66666412,4.869692326,2.287257671,1.814555526,0,0,0,0,0,0,0,0,0,0,0,0,0,0,0,
4/10/2026 3:51:22,,bbd174147e56b9d0ecff534e0bc4e7aa42920e66,204.3579407,1320,1320,80,80,27,2,28,42.30769348,0,163.4970093,7.441147327,33.42093277,153,8,2,1,3,1,0,1,0,0,9,2,12,1,0,40,100,0,0,0,0,0,43,0,0,0,0,0,30,18,0,0,0,0,0,0,0,0,0,0,0,0,0,0,0,0,0,0,0,0,0,0,2,0,0,0,0,0,1,0,1,0,0,0,6,2,4,17,1,1,1.200000048,1,7,5,33.33333206,9.950816154,5.552896976,1.295636058,0,0,0,2,0,0,0,0,0,0,0,0,0,0,0,
4/10/2026 3:55:43,,bbd174147e56b9d0ecff534e0bc4e7aa42920e66,261.4364319,2090,2090,137.5,100,32,13,19.15384674,100,0,1.037087917,222.772995,37.62783813,0,0,0,0,0,7,120,2,11,1,10,14,1,2,0,0,120,90,0,0,0,0,0,0,0,0,0,0,0,0,0,0,0,0,0,0,0,0,4,19,0,0,0,0,0,0,2,140,51,0,0,0,0,0,4,0,0,0,0,0,0,4,9,4,4,4,1,113,3,1.899999857,1.300000072,1.599999905,6,4,50,17.25801849,1.433023095,2.213135004,0,0,0,0,0,0,0,0,0,0,0,1,0,0,15,
4/10/2026 3:58:59,,bbd174147e56b9d0ecff534e0bc4e7aa42920e66,196.1598206,1380,1380,89.61038971,100,35,6,19.83333397,64.2857132,0,3.55048728,186.8420715,5.766934872,2,2,0,0,0,56,51,6,9,0,0,0,0,0,0,40,40,55,0,0,0,0,0,0,0,1,5,0,0,0,0,0,0,0,39,18,11,4,0,6,6,2,6,4,2,0,4,27,19,0,0,0,0,0,0,0,0,0,0,0,0,0,0,0,7,2,1,85,2,1.299999952,1.200000048,1.299999952,6,3,100,6.163817883,3.435617208,0.7819012403,0,0,0,0,0,0,0,0,0,0,0,1,0,0,6,
4/10/2026 14:05:28,,e9b0792f81fca2bf2a0909038e265542f1f5f9aa,129.1383514,220,220,14.28571415,21.875,0,2,28.5,14.28571415,1,56.53808594,69.11839294,3.481707573,50,0,0,0,1,36,2,9,0,2,3,0,0,0,0,30,18.625,20,80,15,0,0,0,0,0,6,0,0,0,0,0,0,0,0,25,0,0,1,0,2,0,0,0,2,0,1,0,0,0,0,0,0,0,0,0,0,0,0,0,0,0,0,0,0,7,2,1,85,2,0,0,0,45,4,0,3.909749031,2.808051825,9.32030201,0,0,0,0,0,0,0,0,0,0,0,0,0,0,0,
4/10/2026 14:07:44,,e9b0792f81fca2bf2a0909038e265542f1f5f9aa,137.3414459,230,230,14.93506527,25,0,1,29,7.142857075,1,56.61075974,57.5315094,23.19892502,9,13,10,0,0,10,0,30,2,1,23,0,2,0,0,20,110,5,5,5,17,0,0,0,0,0,12,0,0,6,0,2,1,0,0,0,1,1,0,1,0,0,0,2,0,1,2,0,1,11,0,0,0,0,0,0,0,0,0,0,0,0,0,0,7,2,1,85,2,0,0,0,15,7,0,5.405063629,2.914398909,4.107936859,0,0,0,0,0,0,0,0,0,0,0,0,0,0,0,
4/10/2026 14:08:41,,e9b0792f81fca2bf2a0909038e265542f1f5f9aa,56.15487671,140,140,9.090909004,18.75,0,0,0,0,1,35.31496429,20.83996582,0,1,8,12,0,0,12,1,6,0,0,0,0,0,0,0,60,45,60,0,6,24,0,1,0,0,2,5,0,0,0,0,0,0,0,0,1,0,1,1,1,0,0,0,0,0,0,9,1,3,0,0,0,0,0,0,0,0,0,0,0,0,0,0,0,7,2,1,85,2,0,0,0,5,3,0,5.812769413,2.598491907,1.038652182,0,0,0,0,0,0,0,0,0,0,0,0,0,0,0,
4/10/2026 14:11:19,,e9b0792f81fca2bf2a0909038e265542f1f5f9aa,157.8032532,320,320,20.77922058,28.125,3,3,29.33333397,42.8571434,1,126.3048553,24.24040794,7.257218361,59,10,11,5,3,1,0,8,0,0,0,0,0,0,3,20,70,20,60,13,18,0,4,0,0,2,6,0,3,9,0,5,0,0,1,0,0,0,0,0,0,0,0,0,0,0,0,0,0,0,0,0,0,0,0,0,0,0,0,0,0,0,0,0,7,2,1,85,2,0,0,0,9,2,100,9.056779861,2.397382498,2.80267477,0,0,0,0,0,0,0,0,0,0,0,0,0,0,0,
4/10/2026 14:12:41,,e9b0792f81fca2bf2a0909038e265542f1f5f9aa,80.84146118,230,230,14.93506527,21.875,5,2,27,28.5714283,1,49.57808304,9.404382706,21.85912323,21,6,6,1,0,2,0,2,1,0,9,0,1,3,0,50,90,35,0,11,21,0,4,0,0,0,0,0,4,1,0,0,0,0,0,0,0,0,0,0,0,0,0,0,0,0,0,0,3,0,0,0,0,0,1,0,0,0,2,0,1,0,0,5,7,2,1,85,2,0,0,0,10,7,100,11.6808691,2.739123106,1.29814887,0,0,0,0,0,0,0,0,0,0,0,0,0,0,1,
4/10/2026 14:14:36,,e9b0792f81fca2bf2a0909038e265542f1f5f9aa,115.5979538,200,200,12.98701286,21.875,5,1,29,7.142857075,1,25.52614212,29.64430428,60.42753983,10,0,0,2,0,3,1,0,3,0,45,0,2,7,1,40,90,30,15,3,0,2,0,0,0,0,0,0,0,0,3,0,0,0,0,0,0,1,0,1,0,0,0,0,0,0,0,0,4,10,0,10,1,0,0,4,0,2,0,0,0,6,0,2,7,2,1,85,2,0,0,0,9,6,0,4.583051205,2.491854668,1.386721373,0,0,0,0,0,0,0,0,0,0,0,1,0,0,2,
4/10/2026 14:19:12,,e9b0792f81fca2bf2a0909038e265542f1f5f9aa,277.1776428,390,390,25.32467461,46.875,7,1,32,21.4285717,1,123.2937012,14.79120064,139.092804,107,0,1,0,7,1,0,0,1,0,29,0,0,13,1,50,77.5,15,35,77,0,0,1,0,0,0,0,0,5,0,0,1,0,0,0,0,0,0,0,0,0,0,0,0,0,0,0,0,2,0,0,1,0,0,1,1,0,3,1,0,0,9,0,19,7,2,1,85,2,0,0,0,13,11,0,10.2555933,6.035616875,2.530946255,7,0,0,0,1,0,0,0,0,0,0,0,0,0,1,
4/10/2026 14:25:02,,e9b0792f81fca2bf2a0909038e265542f1f5f9aa,349.2204895,1000,1000,64.93506622,78.125,8,1,29,14.28571415,0,159.0293427,8.112976074,182.0821075,119,2,0,6,3,0,0,0,0,0,90,1,5,17,2,40,72.5,35,10,60,4,8,3,0,0,7,0,0,4,0,0,2,0,10,0,0,0,0,0,0,0,0,0,0,0,0,0,0,0,18,1,7,1,0,2,7,0,5,3,0,0,16,0,29,7,2,1,85,2,1.149999976,1,1,17,15,0,4.692817211,3.308696747,1.671772599,4,0,0,0,0,0,0,0,0,0,0,0,0,0,0,
4/11/2026 15:28:10,,61ba1ad1e381c2a7ccb892a864aad6a50daf8d96,136.2796478,350,350,22.72727203,37.5,1,2,25,21.4285717,1,3.682990551,13.79835892,118.7978897,0,0,0,0,0,3,0,0,0,1,143,0,0,0,2,60,10,15,65,0,0,0,0,0,0,0,0,0,0,0,0,0,0,0,0,0,0,0,0,0,0,0,0,0,0,0,0,0,0,69,0,0,3,0,0,12,0,0,0,0,0,24,0,0,7,2,1,85,2,0,0,0,9,0,0,3.820520878,3.236646175,7.47124815,0,0,0,0,0,0,0,0,0,0,0,0,0,1,0,
4/11/2026 15:30:53,,61ba1ad1e381c2a7ccb892a864aad6a50daf8d96,157.0791168,720,720,46.75324631,50,2,1,32,14.28571415,0,0,11.69536114,145.3842621,0,0,0,0,0,6,0,0,0,1,260,1,6,0,0,30,40,50,0,0,0,0,0,0,0,0,0,0,0,0,0,0,0,0,4,0,0,0,0,0,1,0,0,0,0,0,0,0,0,84,0,0,3,0,0,6,0,0,6,0,0,27,0,0,7,2,1,85,2,1.149999976,1,1,3,1,0,10.37553787,5.977764606,3.987683296,0,0,0,0,0,0,0,0,0,0,1,0,0,0,0,
4/11/2026 15:31:23,,61ba1ad1e381c2a7ccb892a864aad6a50daf8d96,30.04058075,240,240,10.38961029,15,2,2,60,15.38461494,1,0,10.28346062,19.75716019,0,0,0,0,0,9,0,0,0,0,43,0,0,0,1,140,0,0,0,0,0,0,0,0,0,0,0,0,0,0,0,0,0,0,16,0,0,0,0,0,0,0,0,0,0,0,0,0,0,81,0,0,0,0,0,0,0,0,0,0,0,0,0,0,6,2,2,55,3,0,0,0,3,1,0,2.375535488,1.438230038,0.7842161655,0,0,0,0,0,0,0,0,0,0,0,0,0,0,0,
4/11/2026 15:32:20,,61ba1ad1e381c2a7ccb892a864aad6a50daf8d96,57.79995728,1010,1010,43.72294235,51.66666794,4,3,59.66666794,38.46154022,0,0,8.876153946,48.92380524,0,0,0,0,0,11,0,0,0,0,82,9,0,0,1,70,0,0,20,0,0,0,0,0,0,0,0,0,0,0,0,0,0,0,15,0,0,0,0,0,0,0,0,0,0,0,0,0,0,191,14,0,0,0,0,0,0,0,0,0,0,0,0,0,6,2,2,55,3,1.299999952,1.100000024,1,3,1,0,3.055024147,2.642785072,0.9383563995,0,0,0,0,0,0,0,0,0,0,0,0,0,0,0,
4/11/2026 15:33:30,,61ba1ad1e381c2a7ccb892a864aad6a50daf8d96,69.77955627,390,390,15.29411793,3.333333254,4,12,29.08333397,37.5,1,0,11.07616901,58.70339203,0,0,0,0,0,3,1,0,0,0,42,0,2,0,1,20,0,0,125,0,0,0,0,0,0,0,0,0,0,0,0,0,0,0,0,0,0,0,0,0,1,2,0,0,0,0,0,0,0,0,0,0,0,0,0,18,0,0,0,0,0,0,0,0,9,3,1,0,2,0,0,0,3,1,33.33333206,5.026465893,2.192648888,1.252236485,0,0,0,0,0,0,0,0,0,0,0,0,0,0,0,
4/11/2026 15:34:20,,61ba1ad1e381c2a7ccb892a864aad6a50daf8d96,49.16013336,90,90,3.529411793,0,4,3,30,9.375,1,0,32.81047058,16.34971237,0,0,0,0,0,3,0,4,0,0,7,0,0,0,0,100,0,0,60,0,0,0,0,0,0,0,0,0,0,0,0,0,0,0,0,0,0,0,0,0,1,0,0,0,0,0,0,0,0,0,0,0,0,0,0,2,0,0,0,0,0,0,0,0,9,3,1,0,2,0,0,0,3,1,66.66666412,7.151329041,2.367338896,0.9458954334,0,0,0,0,0,0,0,0,0,0,0,0,0,0,0,
4/11/2026 15:35:20,,61ba1ad1e381c2a7ccb892a864aad6a50daf8d96,60.32006454,150,150,5.882352829,6.666666508,4,3,30,9.375,1,0,4.08655262,56.23350525,0,0,0,0,0,1,0,0,0,0,23,0,5,0,0,80,0,0,85,0,0,0,0,0,0,0,0,0,0,0,0,0,0,0,0,0,0,0,0,0,0,0,0,0,0,0,0,0,0,0,0,0,0,0,0,12,0,0,0,0,0,0,0,0,9,3,1,0,2,0,0,0,4,2,66.66666412,6.308810234,2.29995966,1.045436859,0,0,0,0,0,0,0,0,0,0,0,0,0,0,0,
4/11/2026 15:37:39,,61ba1ad1e381c2a7ccb892a864aad6a50daf8d96,138.6597595,1110,1110,43.52941132,43.33333206,4,14,25.9285717,43.75,0,0,4.908008575,133.7520142,0,0,0,0,0,1,0,1,0,0,124,9,4,0,0,40,0,0,65,0,0,0,0,0,0,0,0,0,0,0,0,0,0,0,0,0,0,0,0,0,0,0,0,0,0,0,0,0,0,0,0,0,0,0,0,72,7,0,0,0,0,0,0,0,9,3,1,0,2,1.899999857,1.400000095,1.599999905,3,1,66.66666412,6.778144836,2.064249754,1.46727562,0,0,0,0,0,0,0,0,0,0,0,0,0,0,0,
4/11/2026 15:39:11,,61ba1ad1e381c2a7ccb892a864aad6a50daf8d96,92.48028564,240,240,14.54545498,20,11,0,0,26.92307663,1,0,6.520486832,85.95948792,0,0,0,0,0,4,1,0,0,0,130,12,5,0,2,80,130,0,0,0,0,0,0,0,0,0,0,0,0,0,0,0,0,0,0,0,0,1,0,0,0,0,0,0,0,0,0,0,0,0,0,0,8,3,0,0,0,0,13,2,0,0,0,0,6,2,4,17,1,0,0,0,3,1,0,3.796261072,6.046010971,1.000723839,0,0,0,0,0,0,0,0,0,0,0,0,0,0,0,
4/11/2026 15:40:50,,61ba1ad1e381c2a7ccb892a864aad6a50daf8d96,98.91981506,450,450,27.27272797,37.5,18,0,0,26.92307663,1,0,10.88485241,88.0351181,0,0,0,0,0,5,1,0,0,0,74,46,1,0,1,20,170,0,0,0,0,0,0,0,0,0,0,0,0,0,0,0,0,0,0,0,0,0,0,0,0,0,0,0,0,0,0,0,0,0,0,0,5,7,0,0,0,0,12,12,0,0,0,0,6,2,4,17,1,0,0,0,3,1,0,6.227212906,5.757530689,0.9940580726,0,0,0,0,0,0,0,0,0,0,0,0,1,0,0,
4/11/2026 15:42:11,,61ba1ad1e381c2a7ccb892a864aad6a50daf8d96,79.78032684,480,480,29.09090996,40,25,0,0,26.92307663,1,0,5.684289932,74.09622192,0,0,0,0,0,1,1,0,0,0,4,65,1,0,1,60,160,0,0,0,0,0,0,0,0,0,0,0,0,0,0,0,0,0,0,0,0,0,0,0,0,0,0,0,0,0,0,0,0,0,0,0,0,18,0,0,0,0,0,18,0,0,0,0,6,2,4,17,1,0,0,0,3,1,0,5.641153336,5.926939487,0.7230189443,0,0,0,0,0,0,0,0,0,0,0,0,0,0,0,
4/11/2026 15:42:59,,61ba1ad1e381c2a7ccb892a864aad6a50daf8d96,49.66002274,300,300,18.18181801,25,31,0,0,23.07692337,1,0,1.51728797,48.14278412,0,0,0,0,0,0,0,0,0,0,0,40,0,0,0,40,150,0,0,0,0,0,0,0,0,0,0,0,0,0,0,0,0,0,0,0,0,0,0,0,0,0,0,0,0,0,0,0,0,0,0,0,0,11,0,0,0,0,0,14,0,0,0,0,6,2,4,17,1,0,0,0,3,1,0,5.280798912,6.139598846,0.4432317019,0,0,0,0,0,0,0,0,0,0,0,0,0,0,0,
4/11/2026 15:43:52,,61ba1ad1e381c2a7ccb892a864aad6a50daf8d96,52.19898605,270,270,16.36363602,22.5,36,0,0,19.23077011,1,0,3.289743185,48.90934753,0,0,0,0,0,0,0,0,0,0,0,36,1,0,0,20,180,0,0,0,0,0,0,0,0,0,0,0,0,0,0,0,0,0,0,0,0,0,0,0,0,0,0,0,0,0,0,0,0,0,0,0,0,11,0,0,0,0,0,11,0,0,0,0,6,2,4,17,1,0,0,0,3,1,0,6.869307041,5.864684582,0.4245650172,0,0,0,0,0,0,0,0,0,0,0,0,0,0,0,
4/11/2026 15:45:11,,61ba1ad1e381c2a7ccb892a864aad6a50daf8d96,79.87982941,750,750,45.45454407,37.5,40,0,0,15.38461494,0,71.73150635,8.148683548,0,98,2,1,0,2,1,1,0,0,0,0,0,0,0,0,0,140,0,0,0,0,0,24,7,0,0,0,0,17,0,0,0,0,0,0,0,0,0,0,0,0,0,0,0,0,0,0,0,0,0,0,0,0,0,0,0,0,0,0,0,0,0,0,0,6,2,4,17,1,1,1,1,5,3,0,7.577020645,5.133609772,0.6090957522,0,0,0,0,0,0,0,0,0,0,0,0,0,0,0,
4/11/2026 15:45:32,,61ba1ad1e381c2a7ccb892a864aad6a50daf8d96,20.08013153,150,150,9.868420601,2.941176414,40,4,33.75,22.22222137,1,1.097382665,10.62917709,8.353549957,1,0,0,0,0,7,0,1,0,0,22,0,0,0,0,0,75,65,0,0,0,0,0,0,0,0,0,0,0,0,0,0,0,0,0,0,0,0,0,0,0,0,0,0,0,0,1,0,2,0,0,0,3,0,0,0,0,0,0,0,0,7,0,0,4,4,1,113,3,0,0,0,5,3,0,12.40841579,1.408757687,0.1811157465,0,0,0,0,0,0,0,0,0,0,0,0,0,0,0,
4/11/2026 15:45:45,,61ba1ad1e381c2a7ccb892a864aad6a50daf8d96,13.7800436,60,60,3.947368383,0,40,2,34,11.11111069,1,0,1.553838015,12.2261982,0,0,0,0,0,1,0,0,0,0,21,1,1,0,0,0,50,105,0,0,0,0,0,0,0,0,0,0,0,0,0,0,0,0,0,0,0,0,0,0,0,0,0,0,0,0,0,0,0,0,0,0,0,0,0,0,0,0,0,0,0,13,0,0,4,4,1,113,3,0,0,0,3,1,0,14.19616985,1.333642125,0.1046242341,0,0,0,0,0,0,0,0,0,0,0,0,0,0,0,
4/11/2026 15:46:13,,61ba1ad1e381c2a7ccb892a864aad6a50daf8d96,27.81960487,180,180,11.84210491,5.882352829,40,4,33,22.22222137,1,21.2891922,4.968631268,1.561842322,17,1,0,0,0,2,0,0,0,0,2,0,0,0,0,0,139,10,0,0,0,0,7,1,0,0,0,0,0,0,0,0,0,0,0,0,0,0,0,0,0,0,0,0,0,0,0,0,0,0,0,0,0,0,0,0,0,0,0,0,0,0,0,0,4,4,1,113,3,0,0,0,5,3,0,11.44940186,1.440547824,0.2532053888,0,0,0,0,0,0,0,0,0,0,0,0,0,0,0,
4/11/2026 20:12:08,,e922e6cbae592fbdc63bb927181d35fd4697f2d0,202.1201172,400,400,25.97402573,46.875,1,2,26,21.4285717,1,49.76081467,54.72604752,97.63285828,22,2,5,0,2,13,6,5,5,1,68,20,9,3,1,20,48.625,20,65,9,5,0,0,0,0,0,0,0,2,0,0,0,0,0,3,1,3,0,0,0,2,0,2,0,0,0,1,0,1,31,26,0,1,0,1,6,2,1,1,4,0,12,4,1,7,2,1,85,2,0,0,0,19,9,0,4.906903267,3.359427691,7.819666386,0,0,0,0,0,0,0,0,0,0,0,0,0,0,0,
4/11/2026 20:14:11,,e922e6cbae592fbdc63bb927181d35fd4697f2d0,124.4928665,490,490,31.81818199,37.5,4,5,26.79999924,57.1428566,1,0,1.980201006,122.5127945,0,0,0,0,0,1,0,0,0,0,94,16,22,5,0,60,70,15,25,0,0,0,0,0,0,0,0,0,0,0,0,0,0,0,0,0,0,0,0,0,0,0,0,0,0,0,0,0,0,19,8,0,3,1,1,4,4,1,8,0,2,17,3,0,7,2,1,85,2,0,0,0,3,0,100,9.77014637,3.019112587,2.587918997,0,0,0,0,0,0,0,0,0,0,0,0,0,0,0,
4/11/2026 20:18:06,,e922e6cbae592fbdc63bb927181d35fd4697f2d0,233.4830322,1150,1150,74.67532349,84.375,6,4,22.5,42.8571434,0,0,233.4830322,0,0,0,0,0,0,25,65,14,4,4,0,0,0,0,0,30,100,20,20,0,0,0,0,0,0,0,0,0,0,0,0,0,0,0,6,34,2,3,1,0,0,6,1,2,3,0,4,19,1,0,0,0,0,0,0,0,0,0,0,0,0,0,0,0,7,2,1,85,2,1,1.100000024,1.449999928,2,0,50,5.141122818,3.18596983,2.627398491,0,0,0,0,0,0,0,0,0,0,1,0,0,0,0,
4/11/2026 20:21:27,,e922e6cbae592fbdc63bb927181d35fd4697f2d0,202.6220245,1710,1710,74.02597046,100,11,7,42.1428566,92.30769348,0,0,202.6220245,0,0,0,0,0,0,6,68,1,0,1,0,0,0,0,0,50,0,0,0,0,0,0,0,0,0,0,0,0,0,0,0,0,0,0,8,174,1,0,0,0,0,0,0,0,0,0,0,0,0,0,0,0,0,0,0,0,0,0,0,0,0,0,0,0,6,2,2,55,3,1.299999952,1.300000072,1.299999952,2,0,100,3.506724596,1.770025015,1.470841646,0,0,0,0,0,0,0,0,0,0,1,0,0,0,0,
4/11/2026 20:22:16,,e922e6cbae592fbdc63bb927181d35fd4697f2d0,48.91888428,240,240,9.411765099,16.66666603,11,3,30,9.375,1,0,48.91888428,0,0,0,0,0,0,8,11,5,0,0,0,0,0,0,0,80,0,0,65,0,0,0,0,0,0,0,0,0,0,0,0,0,0,0,0,0,0,0,0,0,8,11,1,0,0,0,0,0,0,0,0,0,0,0,0,0,0,0,0,0,0,0,0,0,9,3,1,0,2,0,0,0,2,0,33.33333206,8.866963387,1.729458332,0.5104487538,0,0,0,0,0,0,0,0,0,0,0,0,0,0,0,
4/13/2026 14:40:30,,3abf618e919c07766a50f1c7868f404b9061f589,92.99822998,200,200,12.98701286,21.875,1,1,29,14.28571415,1,4.382644176,53.80131149,34.81443024,8,0,0,0,0,21,0,3,0,5,29,0,5,0,3,60,50,45,0,8,0,0,0,0,0,0,0,0,0,0,0,0,0,0,14,0,0,0,0,0,5,0,0,0,0,0,0,0,0,6,0,0,3,0,0,0,0,0,3,0,0,13,0,0,7,2,1,85,2,0,0,0,4,2,0,4.316523552,2.817111969,7.328732491,0,0,0,0,0,0,0,0,0,0,0,0,0,0,0,
4/13/2026 14:41:27,,3abf618e919c07766a50f1c7868f404b9061f589,57.15978241,200,200,12.98701286,21.875,2,1,29,14.28571415,1,0,15.32902718,41.83087158,0,0,0,0,0,6,0,0,0,1,43,0,4,0,5,130,30,20,0,0,0,0,0,0,0,0,0,0,0,0,0,0,0,0,9,0,0,0,0,0,0,0,0,0,0,0,0,0,0,21,0,0,3,0,0,2,0,0,3,0,0,9,0,0,7,2,1,85,2,0,0,0,4,2,0,4.600071907,2.829695702,2.574618816,0,0,0,0,0,0,0,0,0,0,2,0,0,3,0,
4/13/2026 14:43:44,,3abf618e919c07766a50f1c7868f404b9061f589,135.8805389,360,360,23.37662315,37.5,3,2,24.5,21.4285717,1,78.60452271,14.84287357,42.43315506,69,1,7,0,4,7,2,0,0,0,33,2,0,0,7,110,10,30,15,22,0,0,3,0,0,7,0,0,0,0,0,21,6,0,7,0,0,0,0,0,0,0,0,0,0,0,0,0,0,38,2,0,0,0,0,0,0,0,0,0,0,0,0,0,7,2,1,85,2,0,0,0,7,3,0,4.058954239,2.822854042,2.713871956,3,0,0,0,1,0,0,0,0,0,0,0,0,2,0,
4/13/2026 14:45:29,,3abf618e919c07766a50f1c7868f404b9061f589,95.16108704,250,250,16.23376656,21.875,4,2,27.5,21.4285717,1,0,95.16108704,0,0,0,0,0,0,59,1,17,0,1,0,0,0,0,0,30,20,45,70,0,0,0,0,0,0,0,0,0,0,0,0,0,0,0,28,0,0,2,0,0,6,0,0,0,0,0,18,1,5,0,0,0,0,0,0,0,0,0,0,0,0,0,0,0,7,2,1,85,2,0,0,0,2,0,0,6.469027042,3.167897224,1.731554389,0,0,0,0,0,0,0,0,0,0,0,1,0,0,1,
4/13/2026 15:16:44,,86c8cfe04bc19458adcf3c880baccfeb7a03bd7c,274.376709,1410,1410,91.55844116,100,5,7,19.5714283,85.7142868,0,190.6834412,23.68623161,60.00685883,70,17,57,3,0,1,0,1,9,0,88,3,5,2,0,0,88.625,75,0,49,39,14,11,0,0,8,11,0,8,7,3,9,3,0,0,0,0,0,0,0,0,0,1,0,0,0,0,0,25,0,0,0,1,0,0,5,0,1,0,0,0,64,5,10,7,2,1,85,2,1.299999952,1.400000095,1.149999976,25,22,100,7.512822628,2.771410704,7.043241501,0,0,0,0,0,0,0,0,0,0,0,0,0,0,12,
4/13/2026 15:20:07,,86c8cfe04bc19458adcf3c880baccfeb7a03bd7c,206.4028931,1710,1710,74.02597046,100,11,7,44.7142868,100,0,106.9827271,17.36336136,82.05602264,40,22,35,0,2,1,0,1,4,0,22,12,10,12,0,110,0,0,30,96,107,0,0,0,0,0,0,0,0,0,0,0,0,0,0,0,36,0,0,0,0,0,0,0,0,0,0,0,0,14,28,86,0,0,0,0,0,0,0,0,0,0,0,0,6,2,2,55,3,1.299999952,1.300000072,1.299999952,41,37,100,5.526415825,2.449868917,3.411011457,5,0,0,0,0,0,0,0,0,0,0,0,0,0,0,
4/13/2026 15:24:32,,86c8cfe04bc19458adcf3c880baccfeb7a03bd7c,267.4372559,1560,1560,61.17647171,80,18,18,19.11111069,78.125,0,101.8973541,1.569505572,163.9716339,36,13,20,0,0,0,0,0,0,0,25,0,4,8,33,60,0,0,155,0,0,0,0,0,0,48,23,0,0,0,0,0,0,0,0,0,0,0,0,0,0,0,0,0,0,0,0,0,0,0,0,0,0,0,0,10,1,3,0,0,0,0,0,0,9,3,1,0,2,1.449999928,2.000000238,1.749999881,23,20,66.66666412,9.927069664,1.903949261,2.728301525,0,0,0,0,0,0,0,0,0,0,0,0,0,26,0,
4/13/2026 15:29:52,,86c8cfe04bc19458adcf3c880baccfeb7a03bd7c,315.3397217,1590,1590,96.36363983,97.5,39,4,26,96.15384674,0,110.3382263,18.63578224,186.3656616,64,15,41,1,0,2,0,4,0,1,57,4,66,10,2,100,260,0,0,0,0,0,23,0,0,0,0,0,29,18,0,0,0,0,0,0,0,2,0,0,0,0,0,0,0,1,0,0,0,0,0,0,6,1,6,0,0,0,14,0,9,0,0,0,6,2,4,17,1,1,1.300000072,1.149999976,31,25,66.66666412,9.521071434,4.763179302,2.071643353,0,0,0,0,0,0,0,0,0,0,0,1,0,0,0,
4/13/2026 15:37:40,,86c8cfe04bc19458adcf3c880baccfeb7a03bd7c,471.62323,1420,1420,93.42105103,73.52941132,44,13,22.69230843,100,1,3.893371344,275.2449951,192.4789429,1,0,2,0,0,8,0,21,34,1,268,10,15,6,0,0,150,340,0,0,0,0,0,0,0,0,0,0,0,0,0,0,0,0,0,0,0,1,0,6,0,0,0,0,0,0,1,0,118,0,0,0,19,0,4,0,0,0,0,0,0,202,18,33,4,4,1,113,3,0,0,0,91,81,100,15.03193569,1.308382511,3.847729445,0,0,0,0,0,0,0,0,0,0,0,2,0,0,56,
4/13/2026 15:39:35,,86c8cfe04bc19458adcf3c880baccfeb7a03bd7c,115.4577942,650,650,42.76315689,32.35293961,44,8,28.75,44.44444275,1,0.6738003492,29.29397202,85.4905014,1,0,0,0,0,1,0,2,4,0,74,0,11,7,5,0,70,130,0,0,0,0,0,0,0,0,0,0,0,0,0,0,0,0,0,0,0,0,0,1,0,0,0,0,0,0,0,0,18,0,0,0,9,0,5,0,0,0,0,0,0,49,0,26,4,4,1,113,3,0,0,0,17,15,0,17.24206543,1.520885229,0.7880412936,0,0,0,0,0,0,0,0,0,0,0,0,0,0,9,
4/13/2026 15:40:51,,86c8cfe04bc19458adcf3c880baccfeb7a03bd7c,77.50300598,380,380,25,17.64705849,44,6,32.33333206,33.33333206,1,2.254887819,43.20671844,32.04127121,1,0,1,0,0,7,0,4,4,1,36,0,2,3,0,0,140,85,0,0,0,0,0,0,0,0,0,0,0,0,0,0,0,0,0,0,0,2,0,4,0,0,0,0,0,0,1,0,23,0,0,0,3,0,4,0,0,0,0,0,0,25,0,18,4,4,1,113,3,0,0,0,15,13,0,14.59694958,1.4836725,0.5019821525,0,0,0,0,0,0,0,0,0,0,0,2,0,0,11,
4/14/2026 8:56:28,,86c8cfe04bc19458adcf3c880baccfeb7a03bd7c,244.8976746,1410,1410,91.55844116,100,4,7,18.4285717,78.57142639,0,162.9256439,25.29083061,56.68366623,92,21,64,1,0,3,0,1,5,0,44,2,19,3,0,0,60.625,45,80,51,39,0,5,2,0,7,3,0,10,6,0,21,21,0,0,0,0,0,0,2,0,0,1,0,0,0,0,0,17,0,0,0,1,0,0,10,0,1,0,0,0,28,1,5,7,2,1,85,2,1,1.300000072,1.599999905,34,28,100,7.277585506,2.860382557,6.584391117,0,0,0,0,0,0,0,0,0,0,0,0,0,0,8,
4/14/2026 8:59:40,,86c8cfe04bc19458adcf3c880baccfeb7a03bd7c,192.399231,1710,1710,74.02597046,100,7,7,44.2857132,76.92308044,0,118.8529816,0.6801496744,72.86681366,63,15,58,0,1,0,0,0,0,0,34,8,8,14,0,20,0,0,0,122,76,0,0,0,0,0,0,0,0,0,0,0,0,0,0,0,0,0,0,0,0,0,0,0,0,0,0,0,0,20,4,83,0,0,0,0,0,0,0,0,0,0,0,0,6,2,2,55,3,1.449999928,1,1.599999905,33,27,100,5.851051331,2.342005253,3.363574028,3,0,0,0,0,0,0,0,0,0,0,0,0,0,0,
4/14/2026 9:03:23,,86c8cfe04bc19458adcf3c880baccfeb7a03bd7c,222.2421417,1140,1140,44.70588303,66.66666412,14,18,19.5,78.125,1,85.28414154,0.5784066916,136.3766174,49,8,33,0,0,0,0,0,0,0,26,0,4,6,21,160,0,0,45,0,0,0,0,0,0,63,19,0,0,0,0,0,0,0,0,0,0,0,0,0,0,0,0,0,0,0,0,0,0,0,0,0,0,0,0,16,0,3,0,0,0,0,0,0,9,3,1,0,2,0,0,0,30,25,66.66666412,10.21834755,1.892906427,2.675549507,0,0,0,0,0,0,0,0,0,0,0,0,0,18,0,
4/14/2026 9:07:04,,86c8cfe04bc19458adcf3c880baccfeb7a03bd7c,220.8794098,1500,1500,58.82352829,73.33333588,21,18,21.22222137,78.125,0,104.3916779,4.994902611,111.4939346,61,9,36,1,2,0,0,0,0,0,25,1,5,5,11,80,0,0,70,0,0,0,0,0,0,87,17,2,0,0,0,0,0,0,0,0,0,0,0,0,0,0,0,0,0,0,0,0,0,0,0,0,0,0,0,16,0,1,0,0,0,0,0,0,9,3,1,0,2,1.899999857,1.900000215,1.449999928,31,25,66.66666412,9.345948219,2.15700841,1.9434129,0,0,2,0,0,0,0,0,0,0,0,0,0,11,0,
4/14/2026 9:10:08,,86c8cfe04bc19458adcf3c880baccfeb7a03bd7c,183.6183014,1350,1350,81.8181839,80,34,3,33.66666794,61.53845978,0,71.55188751,9.500605583,102.5668564,54,4,35,1,0,1,0,1,0,1,34,2,28,5,11,40,130,0,0,0,0,0,21,0,0,0,0,0,20,9,0,0,0,0,0,0,0,0,0,0,0,0,0,1,0,0,0,0,0,0,0,0,5,0,3,0,0,0,7,0,8,0,0,0,6,2,4,17,1,1.149999976,1,1.299999952,23,19,66.66666412,10.42749596,5.266139984,1.385646343,0,0,0,0,0,0,0,0,0,0,0,0,11,0,0,
4/14/2026 9:11:17,,86c8cfe04bc19458adcf3c880baccfeb7a03bd7c,68.50004578,480,480,31.57894707,23.52941132,34,6,31.33333397,33.33333206,1,0,28.97390938,39.52616119,0,0,0,0,0,0,0,0,4,0,53,2,3,3,1,0,80,105,0,0,0,0,0,0,0,0,0,0,0,0,0,0,0,0,0,0,0,0,0,3,0,0,0,0,0,0,0,0,17,0,0,0,12,0,3,0,0,0,0,0,0,29,6,20,4,4,1,113,3,0,0,0,13,11,0,17.42345047,1.752967477,0.5999491215,0,0,0,0,0,0,0,0,0,0,0,0,0,0,8,
4/14/2026 9:13:05,,86c8cfe04bc19458adcf3c880baccfeb7a03bd7c,107.7793427,730,730,48.0263176,38.23529434,34,8,28,44.44444275,1,2.459108591,37.15681839,68.16339111,2,0,1,0,0,4,0,3,8,0,85,3,2,4,3,0,70,160,0,0,0,0,0,0,0,0,0,0,0,0,0,4,0,0,0,0,0,0,0,2,0,0,0,0,0,0,2,0,34,0,0,0,10,0,5,0,0,0,0,0,0,67,4,24,4,4,1,113,3,0,0,0,24,22,0,19.21018028,1.476224422,0.9139234424,0,0,0,0,0,0,0,0,0,0,0,0,0,0,14,
4/14/2026 9:18:32,,86c8cfe04bc19458adcf3c880baccfeb7a03bd7c,327.5202637,1630,1630,107.2368393,88.23529053,39,13,20.84615326,100,1,32.50802231,72.99364471,222.016861,21,9,9,0,0,1,0,4,15,0,168,2,10,18,7,0,110,235,0,0,0,0,0,0,0,0,0,0,0,0,0,37,52,0,0,0,0,0,0,0,0,0,0,0,0,0,0,0,63,0,0,0,10,0,10,0,0,0,0,0,0,120,2,61,4,4,1,113,3,0,0,0,60,57,100,18.34291649,1.714977622,2.581711531,0,0,0,0,0,0,0,0,0,0,0,0,4,0,29,
4/14/2026 9:24:50,,86c8cfe04bc19458adcf3c880baccfeb7a03bd7c,378.0405273,1680,1680,110.5263138,91.1764679,44,13,20.84615326,100,1,55.83819199,147.8839569,174.3177948,34,15,23,0,0,18,6,10,24,1,133,7,11,19,0,0,148.125,335,0,0,0,0,0,0,0,0,0,0,0,0,0,65,79,0,0,0,0,4,0,3,0,0,0,0,0,0,6,11,129,0,0,0,7,0,15,0,0,0,0,0,0,88,9,50,4,4,1,113,3,0,0,0,76,71,100,17.06638718,1.883060575,2.25936985,0,0,0,0,0,0,0,0,0,0,0,0,0,0,56,
4/14/2026 9:26:15,,86c8cfe04bc19458adcf3c880baccfeb7a03bd7c,85.13960266,480,480,31.57894707,23.52941132,44,6,31,33.33333206,1,0,24.84702492,60.29275513,0,0,0,0,0,2,7,3,3,0,31,1,9,7,0,0,110,80,0,0,0,0,0,0,0,0,0,0,0,0,0,0,0,0,0,0,0,0,0,0,0,0,0,0,0,0,5,10,19,0,0,0,9,0,5,0,0,0,0,0,0,2,1,25,4,4,1,113,3,0,0,0,11,9,0,14.93646336,1.295723081,0.3906739652,0,0,0,0,0,0,0,0,0,0,0,0,0,0,7,
4/14/2026 9:26:56,,86c8cfe04bc19458adcf3c880baccfeb7a03bd7c,42.08005142,210,210,13.81578922,8.823529243,44,4,33,22.22222137,1,1.560243011,16.27266884,24.24720573,1,0,0,0,0,3,1,3,2,0,17,0,6,3,0,0,80,90,0,0,0,0,0,0,0,0,0,0,0,0,0,1,0,0,0,0,0,0,0,2,0,0,0,0,0,0,4,0,8,0,0,0,3,0,2,0,0,0,0,0,0,3,0,10,4,4,1,113,3,0,0,0,9,7,0,15.78331089,1.43912816,0.1817906499,0,0,0,0,0,0,0,0,0,0,0,0,0,0,4,
4/14/2026 9:29:17,,86c8cfe04bc19458adcf3c880baccfeb7a03bd7c,140.7793579,850,850,55.92105103,38.23529434,49,12,26.66666603,94.44444275,1,5.505622387,56.39205551,78.88159943,2,2,2,0,0,13,14,6,3,1,39,2,11,8,1,0,150,85,0,0,0,0,0,0,0,0,0,0,0,0,0,6,9,0,0,0,0,4,0,0,0,0,0,0,0,0,4,22,14,0,0,0,6,0,7,0,0,0,0,0,0,16,3,23,4,4,1,113,3,0,0,0,16,10,100,16.6469326,1.614601851,0.6702398062,0,0,0,0,0,0,0,0,0,0,0,1,0,0,5,
4/14/2026 9:35:12,,86c8cfe04bc19458adcf3c880baccfeb7a03bd7c,320.9399719,2090,2090,137.5,100,54,13,20,100,0,60.71767426,221.4205627,38.80033875,30,18,25,0,0,23,35,13,28,1,32,0,14,4,0,0,122,260,0,0,0,0,6,0,0,0,0,0,0,0,0,66,83,0,0,0,0,2,0,9,0,0,0,0,0,0,18,35,124,0,0,0,10,0,6,0,0,0,0,0,0,7,0,18,4,4,1,113,3,2.049999952,1.200000048,1.599999905,56,51,100,17.06490135,1.57034719,1.394142032,0,0,0,0,0,0,0,0,0,0,0,0,0,0,46,
4/14/2026 12:24:45,,86c8cfe04bc19458adcf3c880baccfeb7a03bd7c,270.7599792,1410,1410,91.55844116,100,5,7,17.7142849,85.7142868,0,139.9862671,21.38006592,109.3920898,84,13,60,0,0,2,3,4,6,0,23,16,31,10,2,20,103.125,50,0,53,27,0,6,0,0,6,0,0,14,1,0,16,28,0,0,2,4,0,0,0,0,0,0,0,0,1,1,1,13,1,1,3,4,1,1,6,5,3,1,0,1,4,8,13,7,2,1,85,2,1.599999905,1.200000048,1.149999976,39,35,100,8.451527596,3.228067398,7.81345892,0,0,0,0,0,0,0,0,0,0,0,0,0,0,6,
4/14/2026 12:27:16,,86c8cfe04bc19458adcf3c880baccfeb7a03bd7c,156.4000092,1710,1710,74.02597046,100,9,7,45.7142868,84.61538696,0,86.29766846,18.65155792,51.45091629,34,16,39,0,0,0,12,0,0,0,2,12,14,12,0,30,0,0,0,91,94,0,0,0,0,0,0,0,0,0,0,0,0,0,0,27,8,0,0,0,0,0,0,0,0,0,0,0,0,0,17,77,0,0,0,0,0,0,0,0,0,0,0,0,6,2,2,55,3,1.599999905,1.100000024,1.299999952,46,42,100,7.743171215,2.607487917,2.96658349,0,0,0,0,0,0,0,0,0,0,0,0,0,0,0,
4/14/2026 12:30:16,,86c8cfe04bc19458adcf3c880baccfeb7a03bd7c,179.4573822,1530,1530,60,76.66666412,15,18,21.22222137,75,0,64.13735199,1.849300027,113.4701462,39,4,23,0,1,0,0,0,0,0,25,8,6,9,10,40,0,0,55,0,0,0,0,0,0,49,8,0,0,0,0,0,0,0,0,0,0,0,0,0,0,0,0,0,0,0,0,0,0,0,0,0,0,0,0,12,8,12,0,0,0,0,0,0,9,3,1,0,2,1,2.000000238,2.200000048,31,29,66.66666412,9.839717865,1.971856475,2.274825096,0,0,2,0,0,0,0,0,0,0,0,0,0,10,0,
4/14/2026 12:33:23,,86c8cfe04bc19458adcf3c880baccfeb7a03bd7c,188.2423401,1290,1290,78.1818161,77.5,30,2,34,65.38461304,0,84.49163818,3.212519407,100.5393143,53,4,35,0,0,1,0,1,0,0,14,16,36,8,8,60,190,0,0,0,0,0,20,4,0,0,0,0,25,6,0,0,0,0,0,0,0,0,0,0,0,0,0,0,0,0,0,0,0,0,0,0,1,3,4,0,0,0,5,2,5,0,0,0,6,2,4,17,1,1,1.100000024,1.149999976,27,20,66.66666412,10.75550842,6.297145367,1.981305838,0,0,0,0,0,0,0,0,0,0,0,0,5,0,0,
4/14/2026 12:37:11,,86c8cfe04bc19458adcf3c880baccfeb7a03bd7c,222.5183258,1270,1270,83.55263519,67.64705658,35,12,21.83333397,94.44444275,1,33.24037552,113.6033096,75.67474365,18,9,13,0,0,4,47,6,7,0,29,4,12,10,0,0,150,110,0,0,0,0,3,3,0,0,0,0,0,0,0,33,43,0,0,0,0,0,0,0,0,0,0,0,0,0,4,50,30,0,0,0,3,0,17,0,0,0,0,0,0,7,1,39,4,4,1,113,3,0,0,0,37,31,100,17.95811272,1.40564394,2.71250844,0,0,0,0,0,0,0,0,0,0,0,0,0,0,14,
4/14/2026 12:42:21,,86c8cfe04bc19458adcf3c880baccfeb7a03bd7c,314.6408691,2090,2090,137.5,100,40,13,18.76922989,100,0,45.00918198,239.9611053,29.67017365,22,12,20,0,0,12,73,18,31,0,28,10,5,1,0,0,152,245,0,0,0,0,2,1,0,0,0,0,0,0,0,44,30,1,0,0,0,1,3,17,0,0,0,0,0,0,10,73,119,0,0,0,0,0,0,0,0,0,0,0,0,28,13,3,4,4,1,113,3,1.449999928,1.500000119,1.749999881,54,50,100,17.79141235,1.710411787,2.589742184,0,0,0,0,0,0,0,0,0,0,0,2,0,0,37,
4/15/2026 11:59:58,eue5u742cs,5953ebc01c53dc47066142b416c932f7e8a07982,114.2488327,950,950,61.68831253,71.875,1,2,24,21.4285717,0,13.98329163,64.77159882,35.48296356,6,2,2,0,0,22,14,4,2,0,48,3,2,3,1,40,70,15,5,4,5,0,0,0,0,2,11,0,0,0,0,1,6,0,22,23,3,0,0,0,0,0,0,1,1,0,2,2,2,8,0,1,2,1,2,0,0,0,2,1,0,22,0,6,7,2,1,85,2,1,1.100000024,1.149999976,20,16,0,8.033010483,3.383105755,6.136193275,0,0,0,0,0,0,0,0,0,0,0,0,0,0,1,
4/15/2026 12:01:23,XwAClo1iHh,5953ebc01c53dc47066142b416c932f7e8a07982,90.55914307,1230,1230,53.24675369,65,3,5,50.59999847,53.84615326,0,5.966689587,39.53717422,45.04948425,3,1,0,0,0,3,8,3,2,0,23,25,0,3,0,130,0,0,0,2,12,0,0,0,0,0,0,0,0,0,0,0,0,0,5,16,14,0,0,0,0,0,0,0,0,0,0,0,0,23,83,44,0,0,0,0,0,0,0,0,0,0,0,0,6,2,2,55,3,1.299999952,1.300000072,1,15,12,50,3.309330702,2.154581547,3.636467457,0,0,0,0,0,0,0,0,0,0,0,0,0,0,0,
4/15/2026 12:04:46,7hkyTyK2Pi,5953ebc01c53dc47066142b416c932f7e8a07982,200.1485748,1350,1350,52.94117737,56.66666794,10,18,20.55555534,78.125,0,43.86616898,19.70319366,136.594101,9,6,1,1,5,2,1,0,2,0,52,2,6,4,24,120,0,0,80,0,0,0,0,0,0,4,14,2,0,0,0,0,0,0,0,0,0,0,0,0,2,0,0,0,0,0,0,0,0,0,0,0,0,0,0,35,2,1,0,0,0,0,0,0,9,3,1,0,2,1.599999905,1.400000095,2.500000238,40,35,66.66666412,9.022391319,2.872140884,3.699904919,0,0,5,0,0,0,0,0,0,0,0,0,0,24,0,
4/15/2026 12:04:55,,cda251c024ea13bd0d6c5fe92ce4874695acc762,75.65966797,140,140,9.090909004,15.625,0,1,29,7.142857075,1,44.91589355,21.3404007,9.403280258,1,10,4,2,1,4,0,0,0,0,3,1,1,0,1,20,127.625,0,0,6,24,0,0,0,0,0,7,0,0,0,0,0,0,1,0,0,0,0,0,0,0,0,0,0,0,0,0,0,0,0,0,0,0,0,0,0,0,0,0,0,0,0,0,0,7,2,1,85,2,0,0,0,20,0,0,4.354458332,3.143779755,8.911849976,0,0,0,0,0,0,0,0,0,0,0,0,0,0,0,
4/15/2026 12:06:04,,cda251c024ea13bd0d6c5fe92ce4874695acc762,70.53787231,250,250,16.23376656,25,0,1,29,7.142857075,1,25.72483253,8.063596725,36.74956512,1,6,5,2,0,0,1,0,0,1,21,7,0,2,2,60,78.625,15,0,1,29,0,0,0,0,0,0,7,1,0,2,0,0,0,1,0,0,0,0,0,0,0,0,0,0,0,0,0,0,0,0,2,0,0,2,0,0,0,0,0,0,11,6,2,7,2,1,85,2,0,0,0,9,5,0,6.200324059,2.610523701,3.215360403,0,0,0,0,0,0,0,0,0,0,0,0,0,0,0,
4/15/2026 12:07:22,nL8DlMpbKH,5953ebc01c53dc47066142b416c932f7e8a07982,156.4764862,870,870,52.72727203,67.5,23,2,30,57.69230652,1,59.06593704,32.78692245,64.61598969,53,7,8,0,0,12,2,8,0,1,39,6,20,5,3,40,250,0,0,0,0,0,7,6,0,0,0,0,21,12,0,0,0,0,0,0,0,1,0,0,0,0,0,3,1,1,0,0,0,0,0,0,10,0,2,0,0,0,3,0,5,0,0,0,6,2,4,17,1,0,0,0,32,29,33.33333206,9.260417938,5.916389942,2.389187574,0,0,0,0,0,0,0,0,0,0,0,0,2,1,0,
4/15/2026 12:08:47,SeY0nGXAeo,5953ebc01c53dc47066142b416c932f7e8a07982,84.15614319,510,510,30.90909004,42.5,31,0,0,30.76922989,1,26.24977112,17.23588371,40.6662178,14,4,3,0,0,7,1,4,2,0,15,11,15,2,0,20,210,0,0,0,0,0,4,2,0,0,0,0,4,8,0,0,0,0,0,0,0,3,0,1,0,0,0,4,0,2,0,0,0,0,0,0,2,2,3,0,0,0,2,6,3,0,0,0,6,2,4,17,1,0,0,0,16,13,0,11.08133507,7.798415184,1.011890173,0,0,0,0,0,0,0,0,0,0,0,0,0,0,0,
4/15/2026 12:08:51,,cda251c024ea13bd0d6c5fe92ce4874695acc762,167.5002136,710,710,46.10389709,59.375,3,6,20.5,64.2857132,1,48.78578949,36.02812195,82.68575287,1,12,3,3,1,13,7,1,2,1,53,13,1,5,1,30,100,35,25,1,15,0,0,3,4,0,9,6,2,5,2,0,0,0,0,0,0,1,0,2,0,0,0,0,0,0,10,3,5,23,5,6,0,0,0,0,0,1,1,0,1,6,7,2,7,2,1,85,2,0,0,0,10,5,100,8.912824631,2.74530077,2.933846951,0,0,0,0,0,0,0,0,0,0,0,0,0,0,1,
4/15/2026 12:10:29,l5C1x0BE9D,5953ebc01c53dc47066142b416c932f7e8a07982,101.1758041,540,540,32.72727203,45,41,0,0,38.46154022,1,27.61641693,16.88525009,56.66597366,11,7,4,0,0,2,5,8,1,0,18,6,26,0,1,80,170,0,0,0,0,0,2,4,0,0,0,0,4,15,0,0,0,0,0,0,0,1,1,3,0,0,0,1,1,1,0,0,0,0,0,0,3,0,0,0,0,0,8,2,0,0,0,0,6,2,4,17,1,0,0,0,17,13,0,8.882761955,7.739368916,0.9851645827,0,0,0,0,0,0,0,0,0,0,0,0,0,0,0,
4/15/2026 12:11:32,DZ1I1usQLf,5953ebc01c53dc47066142b416c932f7e8a07982,62.21881104,240,240,14.54545498,20,48,0,0,26.92307663,1,38.19958878,24.01939201,0,30,4,7,0,0,0,6,11,1,0,0,0,0,0,0,80,150,0,0,0,0,0,5,0,0,0,0,0,8,4,0,0,0,0,0,0,0,0,1,2,0,0,0,0,2,0,0,0,0,0,0,0,0,0,0,0,0,0,0,0,0,0,0,0,6,2,4,17,1,0,0,0,9,6,0,11.71867657,9.043450356,0.6772544384,0,0,0,0,0,0,0,0,0,0,0,0,0,0,0,
4/15/2026 12:13:29,dNGyZWEdyM,5953ebc01c53dc47066142b416c932f7e8a07982,116.5447464,1110,1110,67.27272797,67.5,59,0,0,42.30769348,0,98.17315674,1.517660022,16.84991455,83,6,21,0,0,0,0,1,0,0,0,8,5,2,0,60,160,0,0,0,0,0,15,4,0,0,0,0,29,9,0,0,0,0,0,0,0,0,0,0,0,0,0,0,0,0,0,0,0,0,0,0,0,5,8,0,0,0,0,2,0,0,0,0,6,2,4,17,1,1,1,1,6,3,0,7.134792805,7.030267715,0.9777101874,0,0,0,0,0,0,0,0,0,0,0,0,0,0,0,
4/15/2026 12:13:42,,e967dc9b7177e4abf497f68b06561fcdd3fb0ebd,174.697876,1000,1000,64.93506622,75,0,2,24.5,14.28571415,0,64.94195557,80.81290436,28.94376945,76,1,9,0,3,22,31,1,4,0,31,1,0,1,3,0,47.5,15,0,61,6,0,0,0,0,13,0,0,4,0,0,0,0,0,2,11,0,1,1,2,0,0,0,1,1,0,3,18,8,1,0,0,0,0,0,0,0,0,2,0,0,16,0,1,7,2,1,85,2,1.299999952,1,1,28,20,0,5.999497414,3.782392979,7.019155979,6,0,0,0,0,0,0,0,0,0,0,0,0,3,3,
4/15/2026 12:14:12,,4ef213f7cf0cc67664ec983a68e2ccbbef56a309,136.958847,480,480,31.16883087,46.875,2,3,22.66666603,35.7142868,1,7.470803261,110.0888519,19.39964104,0,3,0,0,0,49,17,6,0,2,9,3,0,0,0,20,117.5,20,0,0,0,0,0,0,0,0,0,0,0,0,0,0,0,0,25,12,0,4,0,0,4,0,0,2,2,0,9,5,0,0,0,0,0,0,0,0,0,0,4,1,0,0,0,0,7,2,1,85,2,0,0,0,11,5,100,7.769484997,2.07871604,6.96743536,0,0,0,0,0,0,0,0,0,0,0,0,0,0,0,
4/15/2026 12:15:50,,e967dc9b7177e4abf497f68b06561fcdd3fb0ebd,128.9207306,1710,1710,74.02597046,100,6,7,48.42856979,100,0,0,128.9207306,0,0,0,0,0,0,11,51,12,4,0,0,0,0,0,0,80,0,0,0,0,0,0,0,0,0,0,0,0,0,0,0,0,0,0,12,157,35,0,0,0,0,0,0,0,0,0,0,0,0,0,0,0,0,0,0,0,0,0,0,0,0,0,0,0,6,2,2,55,3,1.449999928,1.400000095,1,2,0,100,7.218589783,2.605813503,3.268369436,0,0,0,0,0,0,0,0,0,0,0,0,0,0,0,
4/15/2026 12:15:51,maA8XKfGVi,5953ebc01c53dc47066142b416c932f7e8a07982,140.0769348,730,730,48.0263176,38.23529434,61,8,27.875,55.55555725,1,4.783340454,114.6603622,20.63319016,10,0,0,0,0,15,46,9,9,0,8,11,0,3,1,0,160,115,0,0,0,0,0,0,0,0,0,0,0,0,0,10,0,0,0,0,0,1,2,11,0,0,0,0,0,0,9,45,35,0,0,0,0,3,2,0,0,0,0,0,0,6,13,4,4,4,1,113,3,0,0,0,13,11,50,16.93279457,1.395777345,1.535841346,0,0,0,0,0,0,0,0,0,0,0,3,1,0,14,
4/15/2026 12:16:42,CiCys4wTiw,5953ebc01c53dc47066142b416c932f7e8a07982,48.95212173,420,420,27.63157845,20.58823586,61,5,32.40000153,27.77777863,1,0,16.28595352,32.66633987,0,0,0,0,0,1,7,0,0,0,10,10,1,5,0,0,70,80,0,0,0,0,0,0,0,0,0,0,0,0,0,0,0,0,0,0,0,0,1,0,0,0,0,0,0,0,2,10,0,0,0,0,0,2,4,0,0,0,0,0,0,7,13,15,4,4,1,113,3,0,0,0,6,3,0,15.25805187,1.525031447,0.529402256,0,0,0,0,0,0,0,0,0,0,0,0,0,0,0,
4/15/2026 12:17:15,,c905b72819f4bbd69818665d6c720bddc85ce1a2,179.2398071,730,730,47.40259552,62.5,3,6,20.5,64.2857132,1,62.28808212,28.68863678,88.26300049,46,3,10,1,0,7,2,0,6,0,84,18,13,0,1,60,70,50,0,27,14,0,3,0,0,6,0,0,4,1,0,0,0,0,0,0,6,0,0,1,0,0,1,0,0,0,1,0,7,19,9,2,3,1,1,6,3,1,6,0,0,26,7,2,7,2,1,85,2,0,0,0,33,26,100,9.730996132,2.565779448,7.022571087,0,0,0,0,0,0,0,0,0,0,0,0,0,0,3,
4/15/2026 12:18:01,,4ef213f7cf0cc67664ec983a68e2ccbbef56a309,228.3025055,1030,1030,66.88311768,78.125,3,2,24,21.4285717,0,132.3363953,63.56421661,32.39927292,54,27,12,1,2,4,23,2,0,1,53,7,1,0,0,80,17.5,15,10,22,80,0,0,3,0,8,6,0,2,4,0,0,0,0,0,3,0,0,0,0,0,3,0,0,0,0,3,19,0,1,0,0,3,0,0,0,0,0,3,0,0,23,2,0,7,2,1,85,2,1,1.200000048,1,24,13,0,4.742331028,3.653672934,4.043140888,0,0,0,0,0,0,0,0,0,0,0,0,0,0,0,
4/15/2026 12:19:55,,e967dc9b7177e4abf497f68b06561fcdd3fb0ebd,244.8205719,1350,1350,52.94117737,66.66666412,6,15,21.66666603,46.875,0,85.6832962,9.858880997,149.2759247,128,2,2,0,0,6,0,2,0,0,26,0,4,4,24,0,0,0,15,0,0,0,0,0,0,71,4,0,0,0,0,0,0,0,0,0,0,0,0,0,0,0,0,0,0,0,0,0,0,0,0,0,0,0,0,12,0,0,0,0,0,0,0,0,9,3,1,0,2,2.049999952,1.400000095,1.599999905,23,20,66.66666412,10.56726551,2.560679674,4.02229023,0,0,0,0,0,0,0,0,0,0,0,0,0,24,0,
4/15/2026 12:20:16,nnUL4JrvSR,5953ebc01c53dc47066142b416c932f7e8a07982,205.1967926,2090,2090,137.5,100,66,13,18.53846169,100,0,8.70003891,131.9146881,64.59931946,0,4,0,1,0,10,51,6,7,0,35,25,5,7,0,0,140,140,0,0,0,0,0,0,0,0,0,0,0,0,0,0,33,1,0,0,0,1,0,1,0,0,0,0,0,0,4,81,62,0,0,0,1,11,15,0,0,0,0,0,0,23,17,28,4,4,1,113,3,1.899999857,1.400000095,1.449999928,25,22,100,16.07159042,1.658085108,1.694411516,0,0,0,0,0,0,0,0,0,1,0,0,0,0,19,
4/15/2026 12:20:35,,c905b72819f4bbd69818665d6c720bddc85ce1a2,199.6387329,1410,1410,91.55844116,100,8,7,19.7142849,85.7142868,0,35.70519638,29.96214867,133.9718323,43,2,4,0,1,3,4,2,4,1,98,34,18,4,4,70,30,70,0,13,12,0,0,0,0,3,0,0,10,0,0,0,0,0,3,5,0,0,0,2,1,0,1,0,0,0,0,0,12,22,11,0,4,2,1,11,3,1,3,0,0,35,17,4,7,2,1,85,2,1.149999976,1,1.899999857,33,30,100,8.428584099,3.999506712,3.192282915,0,0,0,0,0,0,0,0,0,0,0,0,0,0,6,
4/15/2026 12:21:34,,e967dc9b7177e4abf497f68b06561fcdd3fb0ebd,97.88092804,870,870,52.72727203,47.5,10,0,0,15.38461494,0,86.58591461,3.918354273,7.376365662,58,11,11,2,0,3,0,0,0,0,1,1,2,1,0,20,90,0,0,0,0,0,18,10,0,0,0,0,22,8,6,0,0,0,0,0,0,0,0,0,0,0,0,0,0,0,0,0,0,0,0,0,0,0,2,0,0,0,0,0,0,0,0,0,6,2,4,17,1,1,1,1,7,5,0,4.27797699,3.58275485,1.487604022,0,0,0,0,0,0,0,0,0,0,0,0,0,0,0,
4/15/2026 12:22:01,,4ef213f7cf0cc67664ec983a68e2ccbbef56a309,234.7474823,1670,1670,72.29437256,96.66666412,7,7,40.7142868,84.61538696,0,181.4907684,50.30676651,2.94733882,3,55,4,0,4,10,15,7,0,0,0,1,0,0,0,70,0,0,0,7,268,0,0,0,0,0,0,0,0,0,0,0,0,0,5,38,6,0,0,0,0,0,0,0,0,0,0,0,0,0,0,0,0,0,0,0,0,0,0,0,0,0,0,0,6,2,2,55,3,1.299999952,1.200000048,1.449999928,20,7,100,2.536510944,1.709272981,2.661295891,7,0,0,0,0,0,0,0,0,0,0,0,0,0,0,
4/15/2026 12:22:50,lzhb4BVRkd,5953ebc01c53dc47066142b416c932f7e8a07982,114.9641418,600,600,38.9610405,65.625,2,3,22.33333397,35.7142868,1,25.13312149,19.47060204,70.35054779,12,6,4,0,0,2,6,3,1,0,40,18,5,3,0,100,0,10,60,12,22,0,0,2,0,0,3,0,1,0,0,0,0,0,0,6,0,0,1,1,0,0,0,0,1,0,0,1,2,4,29,11,0,0,0,3,1,3,0,3,0,23,1,0,7,2,1,85,2,0,0,0,15,14,0,4.23542881,3.378798008,7.69740963,0,0,0,0,0,0,0,0,0,0,0,0,0,0,1,
4/15/2026 12:22:56,,c905b72819f4bbd69818665d6c720bddc85ce1a2,141.880722,1530,1530,66.23376465,90,12,5,49.20000076,69.2307663,0,31.83406639,19.289217,90.75797272,7,9,2,0,0,1,8,6,1,0,3,37,5,0,2,140,0,0,0,12,52,0,0,0,0,0,0,0,0,0,0,0,0,0,8,30,12,0,0,0,0,0,0,0,0,0,0,0,0,5,136,0,0,0,0,0,0,0,0,0,0,0,0,0,6,2,2,55,3,1,1.300000072,1.299999952,21,18,50,5.871273994,2.345560074,1.884305716,0,0,0,0,0,0,0,0,0,0,0,0,0,0,0,
4/15/2026 12:24:30,,c905b72819f4bbd69818665d6c720bddc85ce1a2,92.92008972,570,570,22.35294151,43.33333206,12,6,24.33333397,18.75,1,63.65738678,5.847654343,23.41480446,14,14,5,1,0,2,0,0,0,0,3,1,0,2,0,60,0,0,85,0,0,0,0,0,0,11,60,0,0,0,0,0,0,0,0,0,0,0,0,0,1,0,0,0,0,0,0,0,0,0,0,0,0,0,0,0,1,2,0,0,0,0,0,0,9,3,1,0,2,0,0,0,12,7,66.66666412,10.24339008,2.342791557,1.284577131,0,0,0,0,0,0,0,0,0,0,0,0,0,0,0,
4/15/2026 12:24:54,,4ef213f7cf0cc67664ec983a68e2ccbbef56a309,178.3190002,1290,1290,50.58823395,36.66666794,12,22,28.18181801,84.375,0,110.9753113,4.787322044,62.55714798,1,5,3,2,0,0,1,0,0,0,46,0,1,3,0,20,0,0,170,0,0,0,0,0,0,0,14,0,0,0,0,0,0,0,0,0,0,0,0,0,0,0,0,0,0,0,0,0,0,0,0,0,0,0,0,26,0,1,0,0,0,0,0,0,9,3,1,0,2,2.200000048,1.500000119,2.350000143,7,5,33.33333206,5.099629402,1.967530847,2.215450764,0,0,0,0,0,0,0,0,0,0,0,0,0,0,0,
4/15/2026 12:25:09,RDmIfUQOO5,5953ebc01c53dc47066142b416c932f7e8a07982,130.6474152,1000,1000,64.93506622,75,3,2,25,21.4285717,0,29.81638336,49.40128326,51.41605377,3,3,3,0,6,3,14,6,4,0,32,20,11,5,0,60,40,20,5,0,11,2,0,0,0,0,8,0,0,3,0,3,7,0,1,8,1,0,0,3,0,0,2,0,0,0,0,7,5,3,23,13,0,0,0,0,0,2,0,4,0,13,3,10,7,2,1,85,2,1,1,1.299999952,41,35,0,5.260534286,4.224367619,3.280318022,3,1,3,0,2,0,0,0,0,0,0,1,0,0,2,
4/15/2026 12:26:48,sE7VmoNcz5,5953ebc01c53dc47066142b416c932f7e8a07982,96.57546997,1250,1250,54.11255264,71.66666412,7,3,52.66666794,53.84615326,0,7.616711617,88.95717621,0,2,1,1,1,0,3,29,8,3,3,0,0,0,0,0,180,0,0,0,4,7,3,0,0,0,0,0,0,0,0,0,0,0,0,4,123,24,0,0,0,0,0,0,0,0,0,0,0,0,0,0,0,0,0,0,0,0,0,0,0,0,0,0,0,6,2,2,55,3,1.149999976,1.100000024,1.149999976,5,3,0,6.111526489,2.695022821,2.111112833,0,0,0,0,0,0,0,0,0,0,11,0,0,0,0,
4/15/2026 12:27:24,,e967dc9b7177e4abf497f68b06561fcdd3fb0ebd,350.3590393,1420,1420,93.42105103,73.52941132,15,13,21.15384674,100,1,59.04059219,279.3031311,12.01402283,52,0,0,0,0,21,113,5,5,6,5,2,0,0,0,0,349.75,65,0,0,0,0,13,0,0,0,0,0,0,0,0,0,0,0,0,0,0,0,4,3,0,0,0,0,0,0,5,111,14,0,0,0,0,0,0,0,0,0,0,0,0,0,0,0,4,4,1,113,3,0,0,0,39,31,50,11.54874229,0.9152801037,4.76992178,0,0,0,0,0,0,0,0,0,0,0,18,0,0,8,
4/15/2026 12:28:22,,c905b72819f4bbd69818665d6c720bddc85ce1a2,225.1197205,1890,1890,74.11764526,93.33333588,19,25,15.35999966,100,0,140.4544067,6.694416046,77.97061157,34,25,5,0,0,1,0,1,1,0,27,8,2,7,0,160,0,0,75,0,0,0,0,0,0,21,77,0,0,0,0,0,0,0,0,0,0,0,0,0,0,0,0,0,0,0,0,0,0,0,0,0,0,0,0,19,6,2,0,0,0,0,0,0,9,3,1,0,2,1.899999857,1.800000191,2.650000334,12,5,100,8.722847939,2.080032349,1.720049143,0,0,0,0,0,0,0,0,0,0,0,0,0,0,0,
4/15/2026 12:30:03,cVkWc3dQzV,5953ebc01c53dc47066142b416c932f7e8a07982,183.6508636,1530,1530,60,76.66666412,14,18,19.83333397,78.125,0,83.52002716,17.46815491,82.66984558,44,10,5,0,8,0,2,1,2,0,45,2,5,5,15,120,0,0,75,0,0,0,0,0,0,22,46,0,0,0,0,0,0,0,0,0,0,0,0,0,0,1,0,0,0,0,0,0,0,0,0,0,0,0,0,32,1,8,0,0,0,0,0,0,9,3,1,0,2,2.350000143,1.600000143,1.449999928,27,23,66.66666412,8.684765816,2.476980209,2.645666838,0,0,8,0,0,0,0,0,0,0,0,0,0,16,0,
4/15/2026 12:31:55,JJrGOV4vUv,5953ebc01c53dc47066142b416c932f7e8a07982,106.6250992,630,630,38.18181992,52.5,22,0,0,30.76922989,1,52.68270111,20.51666069,33.41632843,26,8,13,0,0,1,6,2,1,0,11,9,10,4,1,40,190,0,0,0,0,0,5,0,0,0,0,0,7,16,0,0,0,0,0,0,0,0,0,2,0,0,0,1,2,0,0,0,0,0,0,0,4,2,3,0,0,0,0,4,1,0,0,0,6,2,4,17,1,0,0,0,15,13,0,9.917524338,7.378964901,1.289214253,0,0,0,0,0,0,0,0,0,0,0,1,2,0,0,
4/15/2026 12:32:02,,c905b72819f4bbd69818665d6c720bddc85ce1a2,219.3016357,1140,1140,69.09091187,82.5,38,5,23.60000038,92.30769348,1,15.88657093,9.896359444,193.5183563,12,4,1,0,1,4,1,0,2,0,23,53,49,1,4,120,220,0,0,0,0,0,0,3,0,0,0,0,7,16,0,0,0,0,0,0,0,0,0,1,0,0,0,0,0,1,0,0,0,0,0,0,6,13,0,0,0,0,5,28,0,0,0,0,6,2,4,17,1,0,0,0,17,14,100,9.385074615,5.699742794,1.313979268,0,0,0,0,0,0,0,0,0,0,0,2,0,0,0,
4/15/2026 12:33:04,,e967dc9b7177e4abf497f68b06561fcdd3fb0ebd,339.9793396,2090,2090,137.5,100,20,13,17.38461494,100,0,18.52921295,313.8063354,7.644088268,21,0,0,0,0,19,132,4,5,2,1,1,0,0,0,0,140,55,0,0,0,0,9,0,0,0,0,0,0,0,0,0,0,0,0,0,0,1,6,6,0,0,0,0,0,0,12,141,15,0,0,0,0,0,0,0,0,0,0,0,0,0,0,0,4,4,1,113,3,1.899999857,1.500000119,1.299999952,14,4,50,19.01168633,1.631352425,2.602833986,0,0,0,0,0,0,0,0,0,0,0,1,0,0,5,
4/15/2026 12:34:25,ZVI4le1MqV,5953ebc01c53dc47066142b416c932f7e8a07982,142.4763031,1080,1080,65.45454407,65,33,0,0,42.30769348,0,92.83868408,16.48355675,33.14966583,49,9,23,0,0,3,6,7,1,0,16,7,11,3,1,40,220,0,0,0,0,0,8,1,0,0,0,0,18,16,0,0,0,0,0,0,0,1,1,4,0,0,0,0,2,0,0,0,0,0,0,0,1,5,5,0,0,0,2,0,1,0,0,0,6,2,4,17,1,1,1,1,10,8,0,9.720267296,6.636271477,1.510264158,0,0,0,0,0,0,0,0,0,0,0,0,0,0,0,
4/15/2026 12:34:45,,e967dc9b7177e4abf497f68b06561fcdd3fb0ebd,102.020813,670,670,43.50649261,37.5,20,1,32,7.142857075,0,0.4246974289,26.74069405,74.85558319,0,0,0,0,0,4,4,0,0,0,8,39,18,5,0,0,20,10,0,0,0,0,0,0,0,0,0,0,0,0,0,0,0,0,0,0,0,0,0,0,0,0,0,0,0,0,0,0,0,0,22,8,0,0,2,0,0,4,0,1,3,0,21,11,7,2,1,85,2,1.149999976,1,1,7,0,0,6.771374702,4.369708538,0.6013775468,0,0,0,0,0,0,0,0,0,0,0,0,0,0,0,
4/15/2026 12:35:51,,c905b72819f4bbd69818665d6c720bddc85ce1a2,229.5811768,1620,1620,98.1818161,97.5,56,5,25,88.46154022,0,37.75424957,3.173223734,188.6527405,65,0,1,0,0,1,1,0,0,0,30,61,57,3,4,80,130,0,0,0,0,0,15,0,0,0,0,0,20,0,0,0,0,0,0,0,0,0,0,0,0,0,0,0,0,0,0,0,0,0,0,0,5,15,0,0,0,0,6,30,1,0,0,0,6,2,4,17,1,1.299999952,1.100000024,1.299999952,12,9,100,9.929256439,5.222812653,1.252554178,0,0,0,0,0,0,0,0,0,0,0,0,0,0,0,
4/15/2026 12:36:17,,c905b72819f4bbd69818665d6c720bddc85ce1a2,25.99985504,180,180,11.84210491,5.882352829,56,4,33.5,22.22222137,1,1.332562327,12.06764793,12.59959412,0,0,0,0,0,1,0,0,3,0,9,6,2,0,1,0,100,55,0,0,0,0,0,0,0,0,0,0,0,0,0,0,0,0,0,0,0,0,0,1,0,0,0,0,0,0,0,0,3,0,0,0,2,2,2,0,0,0,0,0,0,3,1,1,4,4,1,113,3,0,0,0,10,8,0,13.4344101,0.9353465438,0.2456358224,0,0,0,0,0,0,0,0,0,0,0,0,0,0,2,
4/15/2026 12:36:30,,e967dc9b7177e4abf497f68b06561fcdd3fb0ebd,105.1601486,1310,1310,56.70995712,71.66666412,24,5,55.59999847,69.2307663,0,0,70.06249237,35.0979538,0,0,0,0,0,2,25,8,0,0,5,16,4,2,0,10,0,0,20,0,0,0,0,0,0,0,0,0,0,0,0,0,0,0,2,78,7,0,0,0,0,0,0,0,0,0,0,0,0,2,40,24,0,0,0,0,0,0,0,0,0,0,0,0,6,2,2,55,3,1.149999976,1.200000048,1.299999952,7,5,50,6.329978943,2.014974356,0.406221807,0,0,0,0,0,0,0,0,0,0,0,0,0,0,0,
4/15/2026 12:38:00,Szgtpe0JGG,5953ebc01c53dc47066142b416c932f7e8a07982,202.696106,1410,1410,92.76316071,61.76470566,35,8,27.75,55.55555725,0,12.88330841,140.7778931,49.04942322,1,5,0,2,0,2,48,19,5,0,28,24,3,9,0,0,60,130,0,0,0,0,0,0,0,0,0,0,0,0,0,0,28,0,0,0,0,0,2,4,0,0,0,0,0,0,0,62,42,0,0,0,0,4,8,0,0,0,0,0,0,19,17,19,4,4,1,113,3,1.599999905,1.200000048,1.299999952,33,26,0,17.15334892,1.414432526,2.219087124,0,0,0,0,0,0,0,0,0,1,0,0,0,0,14,
4/15/2026 12:38:48,,e967dc9b7177e4abf497f68b06561fcdd3fb0ebd,132.9805756,660,660,25.88235283,16.66666603,24,7,29.1428566,21.875,0,0.4673364758,47.08602524,85.42718506,1,0,0,0,0,4,10,1,1,3,10,24,2,3,2,60,0,0,0,0,0,0,0,0,0,0,0,0,0,0,0,0,0,0,0,0,0,0,0,0,2,6,2,0,0,0,0,0,0,0,0,0,0,0,0,5,20,0,0,0,0,0,0,0,9,3,1,0,2,1.599999905,1.200000048,1.149999976,7,4,33.33333206,4.857441902,1.834807754,0.6320775151,0,0,0,0,0,0,0,0,0,0,0,0,0,2,0,
4/15/2026 12:38:53,,c905b72819f4bbd69818665d6c720bddc85ce1a2,156.5995636,1210,1210,79.60526276,58.82352829,61,13,22.23077011,100,1,0,48.94935226,107.6495285,0,0,0,0,0,9,4,2,12,1,100,38,2,4,1,0,90,265,0,0,0,0,0,0,0,0,0,0,0,0,0,0,0,0,0,0,0,1,0,6,0,0,0,0,0,0,5,3,59,0,0,0,19,1,2,0,0,0,0,0,0,86,52,18,4,4,1,113,3,0,0,0,35,29,100,20.11763763,1.533207774,1.323994637,0,0,0,0,0,0,0,0,0,0,0,1,0,0,29,
4/15/2026 12:40:11,,e967dc9b7177e4abf497f68b06561fcdd3fb0ebd,86.25791168,720,720,43.63636398,35,27,0,0,11.53846169,0,33.06653976,17.50071526,35.69060516,51,0,7,0,0,3,2,3,0,0,0,3,22,1,0,20,70,0,0,0,0,0,25,0,0,0,0,0,12,0,0,0,0,0,0,0,0,0,0,0,0,0,0,1,0,0,0,0,0,0,0,0,0,0,1,0,0,0,0,0,0,0,0,0,6,2,4,17,1,1,1,1,9,7,0,4.121682644,3.553947926,0.4643807709,0,0,0,0,0,0,0,0,0,0,0,0,0,0,0,
4/15/2026 12:41:43,,c905b72819f4bbd69818665d6c720bddc85ce1a2,168.9406128,1030,1030,67.76316071,55.88235474,66,8,27.625,72.22222137,1,0,73.36801147,95.57329559,0,0,0,0,0,20,15,5,15,2,94,47,2,2,0,0,70,320,0,0,0,0,0,0,0,0,0,0,0,0,0,0,0,0,0,0,0,1,0,4,0,0,0,0,0,0,12,14,79,0,0,0,15,1,1,0,0,0,0,0,0,73,58,17,4,4,1,113,3,0,0,0,49,45,50,19.9816246,1.413719177,1.249580979,0,0,0,0,0,0,0,0,0,0,0,0,0,0,37,
4/15/2026 12:42:06,,c905b72819f4bbd69818665d6c720bddc85ce1a2,23.78076553,180,180,11.84210491,5.882352829,66,4,33,22.22222137,1,0,4.311616898,19.4691391,0,0,0,0,0,0,0,0,1,0,17,0,2,1,0,0,60,90,0,0,0,0,0,0,0,0,0,0,0,0,0,0,0,0,0,0,0,0,0,1,0,0,0,0,0,0,0,0,2,0,0,0,7,0,1,0,0,0,0,0,0,0,0,5,4,4,1,113,3,0,0,0,4,2,0,14.04575157,1.151700974,0.1678604186,0,0,0,0,0,0,0,0,0,0,0,0,0,0,1,
4/15/2026 12:42:49,,e967dc9b7177e4abf497f68b06561fcdd3fb0ebd,157.5604858,730,730,48.0263176,38.23529434,27,8,27.125,44.44444275,1,1.521406889,89.17745209,66.86135864,2,0,0,0,0,4,28,4,1,0,35,23,7,8,0,0,50,100,0,0,0,0,0,0,0,0,0,0,0,0,0,0,0,0,0,0,0,0,2,2,0,0,0,0,0,0,3,34,2,0,0,0,0,4,6,0,0,0,0,0,0,20,16,22,4,4,1,113,3,0,0,0,8,5,0,19.84777641,1.825667262,0.788615346,0,0,0,0,0,0,0,0,0,0,0,0,0,0,1,
4/15/2026 12:43:15,,c905b72819f4bbd69818665d6c720bddc85ce1a2,68.39852905,560,560,36.84210587,29.41176414,66,6,30.33333397,33.33333206,1,0,25.53922462,42.85925293,0,0,0,0,0,9,5,1,5,0,51,12,1,2,0,0,110,100,0,0,0,0,0,0,0,0,0,0,0,0,0,0,0,0,0,0,0,2,1,4,0,0,0,0,0,0,3,4,17,0,0,0,4,0,2,0,0,0,0,0,0,28,12,6,4,4,1,113,3,0,0,0,15,13,0,16.67932892,1.557840466,0.4676271081,0,0,0,0,0,0,0,0,0,0,0,2,0,0,7,
4/15/2026 12:46:27,,c905b72819f4bbd69818665d6c720bddc85ce1a2,170.2409515,980,980,64.47368622,52.94117737,71,8,27.625,72.22222137,1,1.380393624,120.7785187,48.08143234,0,0,0,0,0,27,31,4,16,2,73,4,0,2,0,0,118,205,0,0,0,0,0,0,0,0,0,0,0,0,0,0,0,0,0,0,0,3,0,6,0,0,0,0,0,0,17,36,64,0,0,0,7,0,3,0,0,0,0,0,0,42,1,8,4,4,1,113,3,0,0,0,40,33,50,20.96698189,1.326435089,1.175169349,0,0,0,0,0,0,0,0,0,0,0,0,0,0,24,
4/15/2026 12:47:45,,e967dc9b7177e4abf497f68b06561fcdd3fb0ebd,296.4570618,2090,2090,137.5,100,32,13,18.38461494,100,0,4.531085968,51.13375854,240.7926788,8,0,0,0,0,2,29,3,0,0,76,74,17,18,0,0,130,50,0,0,0,0,1,0,0,0,0,0,0,0,0,0,0,0,0,0,0,0,0,0,0,0,0,0,0,0,2,41,2,0,0,0,0,10,12,0,0,0,0,0,0,47,51,70,4,4,1,113,3,1.599999905,1.600000143,1.449999928,20,15,50,16.70189095,1.897387147,1.323364615,0,0,0,0,0,0,0,0,0,0,0,0,0,0,1,
4/15/2026 12:50:27,,c905b72819f4bbd69818665d6c720bddc85ce1a2,229.279892,1680,1680,110.5263138,91.1764679,76,13,20.76922989,100,1,1.364558339,94.67485046,133.2398224,0,0,0,0,0,8,17,5,20,1,126,55,11,4,0,0,182,250,0,0,0,0,0,0,0,0,0,0,0,0,0,0,0,0,0,0,0,1,0,12,0,0,0,0,0,0,4,17,103,0,0,0,10,3,4,0,0,0,0,0,0,84,72,21,4,4,1,113,3,0,0,0,55,48,100,16.56973457,1.819410801,1.292091489,0,0,0,0,0,0,0,0,0,0,0,4,0,0,37,
4/15/2026 12:51:38,,c905b72819f4bbd69818665d6c720bddc85ce1a2,70.02111053,480,480,31.57894707,23.52941132,76,6,31,33.33333206,1,0,32.23192215,37.7889595,0,0,0,0,0,9,3,0,7,1,16,23,0,0,0,0,150,90,0,0,0,0,0,0,0,0,0,0,0,0,0,0,0,0,0,0,0,2,0,2,0,0,0,0,0,0,2,0,32,0,0,0,3,4,1,0,0,0,0,0,0,7,27,7,4,4,1,113,3,0,0,0,20,18,0,19.0170002,2.123957872,0.2940356433,0,0,0,0,0,0,0,0,0,0,0,1,0,0,15,
4/15/2026 12:54:01,,c905b72819f4bbd69818665d6c720bddc85ce1a2,109.2793503,610,610,40.13158035,32.35293961,76,6,30.66666603,33.33333206,1,15.85673332,48.04861832,45.37388611,8,1,2,0,0,5,11,2,8,1,39,19,0,1,0,0,80,170,0,0,0,0,0,0,0,0,0,0,0,0,0,0,0,0,0,0,0,1,0,4,0,0,0,0,0,0,4,11,30,0,0,0,6,3,1,0,0,0,0,0,0,10,25,13,4,4,1,113,3,0,0,0,21,18,0,16.94766617,1.538926005,0.5551104546,0,0,0,0,0,0,0,0,0,0,0,0,0,0,19,
4/15/2026 12:56:16,,c905b72819f4bbd69818665d6c720bddc85ce1a2,114.2806244,560,560,36.84210587,29.41176414,76,6,30.83333397,33.33333206,1,2.011411905,74.96656799,37.30256271,0,0,0,0,0,28,11,0,7,2,51,4,4,2,4,0,149.25,110,0,0,0,0,0,0,0,0,0,0,0,0,0,0,0,0,0,0,0,6,0,7,0,0,0,0,0,0,12,11,32,0,0,0,4,0,0,0,0,0,0,0,0,30,6,3,4,4,1,113,3,0,0,0,15,13,0,15.13829422,1.127448201,0.565525949,0,0,0,0,0,0,0,0,0,0,0,4,3,0,13,
4/15/2026 12:56:35,,c905b72819f4bbd69818665d6c720bddc85ce1a2,18.65875435,60,60,3.947368383,0,76,2,34,11.11111069,1,0,18.65875435,0,0,0,0,0,0,1,1,0,1,0,0,0,0,0,0,0,79.75,80,0,0,0,0,0,0,0,0,0,0,0,0,0,0,0,0,0,0,0,0,0,0,0,0,0,0,0,0,0,0,4,0,0,0,0,0,0,0,0,0,0,0,0,0,0,0,4,4,1,113,3,0,0,0,2,0,0,9.611913681,1.205670238,0.08945421129,0,0,0,0,0,0,0,0,0,0,0,0,0,0,2,
4/15/2026 12:57:53,,c905b72819f4bbd69818665d6c720bddc85ce1a2,78.20127869,570,570,37.5,29.41176414,76,7,30,38.88888931,1,0,55.49262619,22.70860863,0,0,0,0,0,17,17,1,9,1,19,10,0,1,1,0,120,120,0,0,0,0,0,0,0,0,0,0,0,0,0,0,0,0,0,0,0,7,0,6,0,0,0,0,0,0,1,23,32,0,0,0,5,0,0,0,0,0,0,0,0,11,3,3,4,4,1,113,3,0,0,0,13,11,0,18.94569969,1.685257435,0.3055844903,0,0,0,0,0,0,0,0,0,0,0,2,0,0,14,