timestamp,levelPlayID,playerId,timePlayed,TotalScore,MapScore,MapScorePercentage,MapSkipped,enemiesKilledPct,HealthBarrelsTaken,PowerUpsTaken,AvgEnemiesAliveOnPowerUpTaken,lootTakenPct,deaths,bowmanTime,knightTime,berserkerTime,bowLightAtk,bowHeavyAtk,bowLightDash,bowHeavyDash,bowDefense,knightLightAtk,knightHeavyAtk,knightLightDash,knightHeavyDash,knightDefense,berserkLightAtk,berserkHeavyAtk,berserkLightDash,berserkHeavyDash,berserkDefense,damageTakenMelee,damageTakenRanged,damageTakenGuardianShield,damageTakenTraps,BowLightAttacksMeleeEnemy,BowHeavyAttacksMeleeEnemy,BowHeavyDashesMeleeEnemy,BowLightAttacksRangedEnemy,BowHeavyAttacksRangedEnemy,BowHeavyDashesRangedEnemy,BowLightAttacksBomberEnemy,BowHeavyAttacksBomberEnemy,BowHeavyDashesBomberEnemy,BowLightAttacksAssassinEnemy,BowHeavyAttacksAssassinEnemy,BowHeavyDashesAssassinEnemy,BowLightAttacksGuardianEnemy,BowHeavyAttacksGuardianEnemy,BowHeavyDashesGuardianEnemy,KnightLightAttacksMeleeEnemy,KnightHeavyAttacksMeleeEnemy,KnightHeavyDashesMeleeEnemy,KnightLightAttacksRangedEnemy,KnightHeavyAttacksRangedEnemy,KnightHeavyDashesRangedEnemy,KnightLightAttacksBomberEnemy,KnightHeavyAttacksBomberEnemy,KnightHeavyDashesBomberEnemy,KnightLightAttacksAssassinEnemy,KnightHeavyAttacksAssassinEnemy,KnightHeavyDashesAssassinEnemy,KnightLightAttacksGuardianEnemy,KnightHeavyAttacksGuardianEnemy,KnightHeavyDashesGuardianEnemy,BerserkerLightAttacksMeleeEnemy,BerserkerHeavyAttacksMeleeEnemy,BerserkerHeavyDashesMeleeEnemy,BerserkerLightAttacksRangedEnemy,BerserkerHeavyAttacksRangedEnemy,BerserkerHeavyDashesRangedEnemy,BerserkerLightAttacksBomberEnemy,BerserkerHeavyAttacksBomberEnemy,BerserkerHeavyDashesBomberEnemy,BerserkerLightAttacksAssassinEnemy,BerserkerHeavyAttacksAssassinEnemy,BerserkerHeavyDashesAssassinEnemy,BerserkerLightAttacksGuardianEnemy,BerserkerHeavyAttacksGuardianEnemy,BerserkerHeavyDashesGuardianEnemy,GeometryBehavior,FurnishingBehaviorSpread,FurnishingBehaviorRatio,EnemyBehaviorRatio,EnemyBehaviorDifficulty,AttackSpeedMultiplier,MovementSpeedMultiplier,DamageMultiplier,FormChangeCount,FormChangeCountInCombat,OptionalRoomPercentage,AverageDistanceToMainPath,AverageDistanceToWall,AverageDistanceToEnemies,BowDefenseToMelee,BowDefenseToRanged,BowDefenseToBomber,BowDefenseToAssasssin,BowDefenseToGuardian,KnightDefenseToMelee,KnightDefenseToRanged,KnightDefenseToBomber,KnightDefenseToAssasssin,KnightDefenseToGuardian,BerserkerDefenseToMelee,BerserkerDefenseToRanged,BerserkerDefenseToBomber,BerserkerDefenseToAssasssin,BerserkerDefenseToGuardian,IsEasy,PowerUpsTakenPercent
5/5/2026 13:34:29,,2819129b74594350b2536976de5963cc43078035,168.3392792,940,940,313.3333435,0,91.66666412,10,9,6.555555344,100,0,66.40433502,78.33738708,23.59763718,22,8,0,0,2,16,11,0,0,0,21,2,0,0,0,60,44.5,20,20,0,0,0,0,0,0,13,20,0,0,0,0,0,0,0,0,0,0,0,0,0,7,1,0,0,0,0,1,9,0,0,0,0,1,1,0,12,0,0,0,0,0,0,0,0,3,2,2,56,1,1,1.600000143,1.449999928,24,15,0,9.73886776,1.717981935,4.838158607,0,0,0,0,0,0,0,0,0,0,0,0,0,0,0,1,
5/5/2026 13:35:57,,2819129b74594350b2536976de5963cc43078035,89.11875153,390,390,130,0,27.27272797,12,4,20,33.33333206,1,56.37306976,32.74614334,0,46,1,0,0,0,7,10,0,0,0,0,0,0,0,0,0,120,20,20,15,0,0,11,0,0,0,0,0,0,0,0,0,0,0,0,0,0,4,0,0,0,0,0,0,1,0,1,6,0,0,0,0,0,0,0,0,0,0,0,0,0,0,0,0,1,2,1,103,1,0,0,0,15,13,0,2.127305508,1.411389351,3.37335372,0,0,0,0,0,0,0,0,0,0,0,0,0,0,0,1,
5/5/2026 13:36:44,,2819129b74594350b2536976de5963cc43078035,46.77991486,240,240,80,0,21.21212196,14,1,0,16.66666603,1,14.67673588,32.10326385,0,7,0,0,0,0,19,4,0,0,1,0,0,0,0,0,0,100,30,45,0,0,0,0,0,0,0,0,0,3,0,0,3,0,0,7,2,0,6,0,0,0,0,0,0,0,0,3,3,0,0,0,0,0,0,0,0,0,0,0,0,0,0,0,0,1,2,1,103,1,0,0,0,4,2,0,1.144263983,1.479003787,1.413437366,0,0,0,0,0,0,0,0,0,0,0,0,0,0,0,1,
5/5/2026 13:39:57,,2819129b74594350b2536976de5963cc43078035,192.0386658,1120,1120,373.3333435,0,75.75757599,19,6,18,61.11111069,1,91.35986328,100.6805725,0,72,0,1,0,0,16,38,0,0,0,0,0,0,0,0,0,110,55,35,12,0,0,12,0,0,6,0,0,1,0,0,12,0,0,6,2,0,5,2,0,0,0,0,2,0,0,5,49,0,0,0,0,0,0,0,0,0,0,0,0,0,0,0,0,1,2,1,103,1,0,0,0,30,21,0,7.605793476,1.272099018,3.101945162,0,0,0,0,0,0,0,0,0,0,0,0,0,0,0,1,
5/5/2026 13:40:58,,2819129b74594350b2536976de5963cc43078035,61.46101761,390,390,130,0,30.30303001,22,2,13,27.77777863,1,0.471979171,24.36702728,36.62208939,0,0,0,0,0,4,12,0,0,0,8,21,0,0,0,35,120,10,20,0,0,0,0,0,0,0,0,0,0,0,0,0,0,0,1,5,0,2,1,0,0,0,0,0,0,0,0,6,0,4,3,0,0,3,0,0,0,0,0,2,0,1,20,0,1,2,1,103,1,0,0,0,6,4,0,1.96009922,2.081358433,0.9952440262,0,0,0,0,0,0,0,0,0,0,0,0,0,0,0,1,
5/5/2026 13:44:01,,2819129b74594350b2536976de5963cc43078035,183.1994171,1150,1150,383.3333435,0,75.75757599,28,7,17.7142849,72.22222137,1,45.20039368,113.2817307,24.71782875,34,0,0,0,0,8,33,0,0,0,22,9,0,0,0,15,181.75,20,0,0,0,0,4,0,0,5,0,0,2,0,0,1,0,0,1,5,0,2,1,0,0,0,0,1,0,0,10,33,0,2,3,0,11,3,0,0,0,0,0,0,0,0,7,0,1,2,1,103,1,0,0,0,25,17,0,8.631361008,1.209625244,1.867724419,0,0,0,0,0,0,0,0,0,0,0,0,0,0,0,1,
5/5/2026 14:42:54,,cda251c024ea13bd0d6c5fe92ce4874695acc762,184.8155518,930,930,310,0,81.8181839,9,7,14,84.21052551,0,161.6536255,22.91610146,0.245946914,30,25,10,2,1,8,1,1,0,1,0,0,0,0,0,105,50,0,60,16,48,0,3,4,0,0,11,0,0,2,0,0,0,0,12,0,2,0,0,0,0,0,0,0,0,0,0,0,0,0,0,0,0,0,0,0,0,0,0,0,0,0,0,0,3,2,2,50,0,1.299999952,1.100000024,1.599999905,5,4,0,2.849829912,1.374766469,7.063870907,0,0,0,0,0,0,0,0,0,0,1,0,0,0,0,,
5/5/2026 14:44:35,,cda251c024ea13bd0d6c5fe92ce4874695acc762,102.9629517,900,900,300,0,78.57142639,16,9,7.222222328,84.21052551,0,92.9693985,4.094347,5.899166107,16,16,9,0,0,0,1,1,0,0,5,1,1,0,1,60,10,0,10,0,0,0,0,2,0,15,34,0,0,3,0,0,0,0,0,0,0,0,0,0,0,0,0,0,0,0,0,0,0,0,0,0,0,0,0,4,2,0,0,0,0,0,0,0,4,1,0,1,1,1.449999928,1.200000048,1.599999905,5,3,0,4.816088676,2.221663475,2.99404335,0,0,0,0,0,0,0,0,0,0,0,0,0,0,0,,
5/5/2026 14:47:09,,cda251c024ea13bd0d6c5fe92ce4874695acc762,152.1465912,190,190,63.33333206,0,2.307692289,18,2,128.5,5.714285851,1,3.620301962,148.526123,0,0,1,0,0,0,7,11,6,0,0,0,0,0,0,0,0,111.75,50,0,0,0,0,0,0,0,0,0,0,0,0,0,0,0,0,0,0,0,1,0,0,0,2,0,0,0,0,6,5,0,0,0,0,0,0,0,0,0,0,0,0,0,0,0,0,7,1,0,104,1,0,0,0,5,3,0,1.484230638,1.694468617,3.040538549,0,0,0,0,0,0,0,0,0,0,0,0,0,0,0,,
5/5/2026 14:53:49,,cda251c024ea13bd0d6c5fe92ce4874695acc762,400.4458008,2360,2360,786.666687,0,43.07692337,31,17,99.94117737,42.8571434,1,109.5700378,33.71956635,257.1555481,1,20,13,1,0,6,13,4,0,0,51,39,11,21,1,110,130,45,20,0,21,1,0,6,0,2,19,0,1,6,0,0,1,0,0,0,0,2,0,0,0,1,0,0,0,0,2,8,0,2,2,30,0,0,4,6,4,5,0,0,6,8,23,34,7,1,0,104,1,0,0,0,18,15,30,9.009900093,2.381844282,4.241810322,0,0,0,0,0,0,0,0,0,0,0,0,0,0,0,,
5/5/2026 16:01:51,,bbd174147e56b9d0ecff534e0bc4e7aa42920e66,141.7198944,970,970,323.3333435,0,100,6,9,6.888888836,78.94736481,0,33.17894363,72.10955048,36.43133926,13,5,3,0,0,19,4,2,6,0,46,3,0,0,1,20,0,35,30,0,0,0,0,3,0,7,17,0,0,0,0,0,3,0,0,0,0,0,0,0,9,1,3,0,0,0,3,0,5,0,0,0,0,0,0,10,1,2,0,0,0,12,0,1,3,2,2,56,1,1.449999928,1.300000072,1.449999928,25,10,0,8.330898285,1.955101728,4.79506731,0,0,0,0,0,0,0,0,0,0,0,0,0,0,2,,
5/5/2026 16:04:33,,bbd174147e56b9d0ecff534e0bc4e7aa42920e66,162.099762,1200,1200,400,0,92.30769348,14,5,11.39999962,81.25,0,42.43450928,85.6669693,33.9979744,37,4,0,0,0,41,7,1,5,1,34,4,0,1,3,55,0,60,40,10,12,0,3,0,0,10,6,0,0,3,0,0,0,0,2,0,0,0,0,0,5,3,4,12,0,1,12,2,6,0,0,0,0,0,0,1,0,0,10,1,0,9,2,0,5,1,2,78,1,1.449999928,1.200000048,1,22,18,0,4.462040424,2.159485579,4.299510479,0,0,0,0,0,0,0,0,0,0,0,0,0,0,2,,
5/5/2026 16:08:37,,bbd174147e56b9d0ecff534e0bc4e7aa42920e66,246.019516,1630,1630,543.333313,0,87.87878418,21,7,11.4285717,77.77777863,0,71.42153168,157.6396332,16.95970345,81,2,0,1,0,18,43,1,8,1,16,0,0,0,0,0,130,100,35,19,2,0,16,0,0,5,1,0,0,0,0,0,0,2,0,0,0,3,0,4,0,1,2,2,0,0,12,45,35,0,0,0,0,0,0,0,0,0,0,0,0,6,0,1,1,2,1,103,1,1.299999952,1.300000072,1.299999952,31,28,0,6.233343124,1.218051195,3.71297574,0,0,0,0,0,0,0,0,0,0,0,0,0,0,12,,
5/5/2026 16:16:20,,bbd174147e56b9d0ecff534e0bc4e7aa42920e66,461.3056946,4090,4090,1363.333374,0,73.07691956,45,22,82.3181839,65.7142868,0,24.39802551,333.5285034,103.3774109,39,0,0,0,0,33,124,2,12,0,61,60,0,0,2,75,60,135,5,7,0,0,6,0,0,0,0,0,3,0,0,1,0,0,6,29,2,0,0,4,15,9,4,1,7,0,9,70,29,2,31,0,2,2,0,11,9,0,4,10,0,12,11,0,7,1,0,104,1,2.500000238,1.500000119,2.049999952,31,28,30,8.901405334,3.026165962,3.591443062,0,0,0,0,0,0,0,0,0,0,0,0,0,0,11,,
5/5/2026 16:18:34,,bbd174147e56b9d0ecff534e0bc4e7aa42920e66,134.100174,1080,1080,360,0,100,54,9,12.22222233,94.73683929,0,79.09700012,10.19513607,44.80789185,59,5,1,1,0,10,1,0,0,0,47,14,0,1,0,70,20,0,20,28,21,0,6,0,0,5,4,0,0,0,0,0,0,0,10,1,0,0,0,0,0,0,0,0,0,0,0,0,0,16,12,0,2,0,0,1,1,0,0,1,1,0,0,0,3,2,2,50,0,1.749999881,1.100000024,1.449999928,4,2,0,7.578429222,1.738824725,0.7296819687,0,0,0,0,0,0,0,0,0,0,0,0,0,0,0,,
5/5/2026 16:19:42,,bbd174147e56b9d0ecff534e0bc4e7aa42920e66,2.541777372,30,30,10,1,0,0,1,130,1.428571463,0,0,2.541777372,0,0,0,0,0,0,0,0,0,0,0,0,0,0,0,0,0,10,0,0,0,0,0,0,0,0,0,0,0,0,0,0,0,0,0,0,0,0,0,0,0,0,0,0,0,0,0,0,0,0,0,0,0,0,0,0,0,0,0,0,0,0,0,0,0,7,1,0,104,1,0,0,0,1,0,0,0.6177775264,1.308666229,7.248197079,0,0,0,0,0,0,0,0,0,0,0,0,0,0,0,,
5/5/2026 16:19:43,,bbd174147e56b9d0ecff534e0bc4e7aa42920e66,0.7115288377,30,0,0,1,0,0,0,0,0,0,0,0.7115288377,0,0,0,0,0,0,0,0,0,0,0,0,0,0,0,0,0,0,5,0,0,0,0,0,0,0,0,0,0,0,0,0,0,0,0,0,0,0,0,0,0,0,0,0,0,0,0,0,0,0,0,0,0,0,0,0,0,0,0,0,0,0,0,0,0,5,1,2,78,1,0,0,0,0,0,0,2.292614222,0.7608716488,1.121665716,0,0,0,0,0,0,0,0,0,0,0,0,0,0,0,,
5/5/2026 16:19:43,,bbd174147e56b9d0ecff534e0bc4e7aa42920e66,0.7979643345,30,0,0,1,0,0,0,0,0,0,0,0.7979643345,0,0,0,0,0,0,0,0,0,0,0,0,0,0,0,0,0,10,0,0,0,0,0,0,0,0,0,0,0,0,0,0,0,0,0,0,0,0,0,0,0,0,0,0,0,0,0,0,0,0,0,0,0,0,0,0,0,0,0,0,0,0,0,0,0,3,2,2,50,0,0,0,0,0,0,0,0,0.6597242951,1.844009042,0,0,0,0,0,0,0,0,0,0,0,0,0,0,0,,
5/5/2026 16:19:45,,bbd174147e56b9d0ecff534e0bc4e7aa42920e66,2.058977604,60,30,10,1,0,0,1,0,5.555555344,0,0,2.058977604,0,0,0,0,0,0,0,0,0,0,0,0,0,0,0,0,0,20,0,0,0,0,0,0,0,0,0,0,0,0,0,0,0,0,0,0,0,0,0,0,0,0,0,0,0,0,0,0,0,0,0,0,0,0,0,0,0,0,0,0,0,0,0,0,0,1,2,1,103,1,0,0,0,0,0,0,0.01696037129,0.5634178519,3.834713459,0,0,0,0,0,0,0,0,0,0,0,0,0,0,0,,
5/5/2026 16:20:59,,bbd174147e56b9d0ecff534e0bc4e7aa42920e66,74.20964813,860,800,266.6666565,0,75,6,7,9.285714149,68.42105103,0,57.96409988,12.85922241,3.386541367,50,2,0,0,0,3,4,0,1,0,9,0,0,0,0,40,0,15,20,0,0,0,3,0,0,30,9,0,0,0,0,0,0,0,0,0,0,0,0,0,1,0,0,0,0,0,1,1,2,0,0,0,0,0,0,0,0,0,0,0,0,6,0,1,3,2,2,56,1,1.449999928,1.200000048,1.299999952,5,5,0,4.870936871,1.717702627,5.406738758,0,0,0,0,0,0,0,0,0,0,0,0,0,0,1,,
5/5/2026 16:21:47,,bbd174147e56b9d0ecff534e0bc4e7aa42920e66,47.65912628,780,780,260,0,71.42857361,11,6,9,57.89473724,0,44.98343658,2.675854683,0,39,6,0,0,0,0,1,0,0,0,0,0,0,0,0,0,0,0,20,0,0,0,2,0,0,23,20,0,0,3,0,0,0,0,0,0,0,0,0,0,0,1,0,0,0,0,0,0,0,0,0,0,0,0,0,0,0,0,0,0,0,0,0,0,4,1,0,1,1,1,1.200000048,1.599999905,3,1,0,2.206555605,2.130530834,3.255995989,0,0,0,0,0,0,0,0,0,0,0,0,0,0,0,,
5/5/2026 16:25:38,,bbd174147e56b9d0ecff534e0bc4e7aa42920e66,231.2597198,2220,2220,740,0,38.46154022,24,9,113.2222214,31.4285717,0,75.56840515,103.0113297,52.68141937,106,3,0,0,0,31,45,0,10,0,14,36,0,0,1,55,98.75,75,15,6,0,0,9,0,0,25,11,0,9,0,0,0,0,0,10,9,7,2,2,0,3,1,2,2,3,2,9,22,18,6,9,0,0,0,0,1,6,0,1,8,0,2,30,0,7,1,0,104,1,1.599999905,1.100000024,1.599999905,20,18,10,3.909335375,2.819961309,5.431502819,0,0,0,0,0,0,0,0,0,0,0,0,0,0,4,,
5/5/2026 16:27:20,,bbd174147e56b9d0ecff534e0bc4e7aa42920e66,101.4792252,1090,1090,363.3333435,0,84.61538696,29,4,20.25,56.25,0,46.23400116,25.69071198,29.55480576,47,2,1,1,0,13,2,0,2,0,27,8,2,1,0,55,28.375,20,40,16,0,0,0,0,0,1,11,0,11,0,0,0,0,0,1,0,0,0,0,0,1,1,2,5,0,1,7,1,5,3,0,0,3,0,0,2,2,0,1,6,0,10,0,0,5,1,2,78,1,1.299999952,1,1.299999952,13,9,0,3.156949043,2.893784285,1.882887244,0,0,0,0,0,0,0,0,0,0,0,0,0,0,1,,
5/5/2026 16:28:26,,bbd174147e56b9d0ecff534e0bc4e7aa42920e66,66.74032593,820,820,273.3333435,0,72.72727203,34,5,16.39999962,52.63158035,0,36.29982376,30.44053841,0,57,0,0,0,0,20,4,0,0,0,0,0,0,0,0,45,20,0,0,24,0,0,5,0,0,6,0,0,2,0,0,0,0,0,21,7,1,0,0,0,3,1,0,0,0,0,0,0,0,0,0,0,0,0,0,0,0,0,0,0,0,0,0,0,3,2,2,50,0,1.149999976,1,1.599999905,6,4,0,2.011381149,1.938823342,1.002609849,0,0,0,0,0,0,0,0,0,0,0,0,0,0,0,,
5/5/2026 16:30:52,,bbd174147e56b9d0ecff534e0bc4e7aa42920e66,145.6196289,1390,1390,463.3333435,0,72.72727203,41,5,14.80000019,66.66666412,0,63.17998123,82.43962097,0,64,1,0,0,0,17,30,0,2,0,0,0,0,0,0,20,87.25,35,40,12,0,0,17,0,0,6,0,0,0,0,0,0,0,0,2,0,0,1,0,1,1,1,0,1,1,0,21,34,4,0,0,0,0,0,0,0,0,0,0,0,0,0,0,0,1,2,1,103,1,1,1.100000024,1.599999905,14,9,0,4.937143803,1.54948163,1.908450365,0,0,0,0,0,0,0,0,0,0,0,0,0,0,0,,
5/5/2026 16:31:53,,bbd174147e56b9d0ecff534e0bc4e7aa42920e66,60.86000061,740,740,246.6666718,0,75,43,5,8.800000191,36.84210587,0,8.27468586,49.96054077,2.624752045,8,1,0,0,0,20,9,0,1,0,7,0,0,0,0,0,0,5,0,0,0,0,0,0,0,4,6,0,0,0,0,0,0,0,0,0,0,2,0,0,14,6,0,0,0,0,1,1,3,0,0,0,0,0,0,0,0,0,0,0,0,5,0,0,3,2,2,56,1,1.149999976,1.300000072,1.149999976,5,3,0,3.053539276,1.743326545,0.4867216349,0,0,0,0,0,0,0,0,0,0,0,0,0,0,1,,
5/5/2026 16:32:58,,bbd174147e56b9d0ecff534e0bc4e7aa42920e66,64.60044861,900,900,300,0,78.57142639,47,9,7,68.42105103,0,62.2050209,2.395193577,0,26,10,2,0,0,0,1,0,0,0,0,0,0,0,0,0,10,0,0,0,0,0,2,0,0,15,33,0,0,3,0,0,0,0,0,0,0,0,0,0,0,1,0,0,0,0,0,0,0,0,0,0,0,0,0,0,0,0,0,0,0,0,0,0,4,1,0,1,1,1.599999905,1,1.749999881,3,1,0,4.809391499,2.209436655,0.666010499,0,0,0,0,0,0,0,0,0,0,0,0,0,0,0,,
5/5/2026 16:36:53,,bbd174147e56b9d0ecff534e0bc4e7aa42920e66,234.2594299,2280,2280,760,0,40.76922989,57,8,109.375,25.7142849,0,10.33472061,140.3527069,83.57319641,7,2,0,0,0,20,61,0,12,0,49,47,0,1,0,30,68.625,80,0,0,0,0,3,0,0,0,6,0,0,0,0,0,1,0,6,11,3,2,0,5,0,10,8,2,2,3,5,38,24,9,31,1,0,2,0,10,10,2,1,10,1,11,18,3,7,1,0,104,1,1.599999905,1.200000048,1.299999952,14,12,0,3.729244471,3.233794689,1.614478827,0,0,0,0,0,0,0,0,0,0,0,0,0,0,8,,
5/5/2026 16:38:49,,bbd174147e56b9d0ecff534e0bc4e7aa42920e66,117.2392807,1150,1150,383.3333435,0,88.46154022,66,5,11.80000019,87.5,0,14.54564857,74.80511475,27.88847351,9,3,0,0,0,17,12,0,1,1,9,13,0,1,0,30,20,15,55,4,0,0,0,0,0,0,5,0,3,4,0,0,0,0,2,0,0,0,0,0,5,3,0,8,1,2,5,5,3,0,7,0,0,0,2,1,3,0,0,6,0,1,0,0,5,1,2,78,1,1.299999952,1,1.449999928,9,7,100,6.657988071,2.434011698,0.7773042321,0,0,0,0,0,0,0,0,0,0,0,0,0,0,1,,
5/5/2026 16:40:21,,bbd174147e56b9d0ecff534e0bc4e7aa42920e66,91.78078461,850,850,283.3333435,0,77.27272797,75,5,15,73.68421173,0,78.82414246,12.95595264,0,60,11,2,1,0,9,1,0,0,0,0,0,0,0,0,80,20,0,20,29,34,2,6,3,0,1,12,0,1,2,0,0,0,0,8,3,0,0,0,0,0,0,0,0,0,0,0,0,0,0,0,0,0,0,0,0,0,0,0,0,0,0,0,0,3,2,2,50,0,1.149999976,1.300000072,1.149999976,6,2,0,2.848664522,1.875230551,0.5269072056,0,0,0,0,0,0,0,0,0,0,0,0,0,0,0,,
5/5/2026 16:42:54,,bbd174147e56b9d0ecff534e0bc4e7aa42920e66,152.8600464,1410,1410,470,0,75.75757599,82,5,13.19999981,66.66666412,0,5.2406106,147.6196594,0,4,1,0,0,0,39,50,0,6,0,0,0,0,0,0,20,60,55,45,0,0,0,1,2,0,0,0,0,0,0,0,0,0,0,6,5,2,2,4,6,3,4,0,0,1,0,21,41,15,0,0,0,0,0,0,0,0,0,0,0,0,0,0,0,1,2,1,103,1,1.299999952,1.100000024,1.299999952,4,2,0,3.812868118,1.653270721,0.9282316566,0,0,0,0,0,0,0,0,0,0,0,0,0,0,5,,
5/5/2026 18:38:51,,cda251c024ea13bd0d6c5fe92ce4874695acc762,11.63745213,0,0,0,0,0,0,0,0,0,1,0,11.63745213,0,0,0,0,0,0,1,1,0,0,0,0,0,0,0,0,105,40,0,0,0,0,0,0,0,0,0,0,0,0,0,0,0,0,0,0,2,0,0,0,0,0,0,0,0,0,0,0,0,0,0,0,0,0,0,0,0,0,0,0,0,0,0,0,0,3,2,2,50,0,0,0,0,1,0,0,0,0.5961652994,4.728887558,0,0,0,0,0,0,0,0,0,0,0,0,0,0,0,,
5/5/2026 18:41:05,,cda251c024ea13bd0d6c5fe92ce4874695acc762,123.7782059,970,970,323.3333435,0,100,10,9,6.777777672,100,0,60.75180054,62.59809875,0.4281399846,8,11,5,1,0,11,13,2,1,0,0,0,0,0,0,60,0,5,75,0,0,0,0,0,0,7,34,1,0,0,0,0,4,0,0,0,0,0,1,0,5,4,0,0,0,0,3,5,2,0,0,0,0,0,0,0,0,0,0,0,0,0,0,0,3,2,2,56,1,1.449999928,1.400000095,1.299999952,7,4,0,9.695652962,1.680119395,5.743952751,0,0,0,0,0,0,0,0,0,0,0,0,0,0,0,,
5/5/2026 18:42:57,,cda251c024ea13bd0d6c5fe92ce4874695acc762,111.5196228,590,590,196.6666718,0,61.53845978,17,3,17.66666603,62.5,1,28.84226036,18.46584892,64.21206665,2,7,0,0,0,2,6,2,0,0,33,22,4,5,0,110,27.5,45,20,0,0,0,0,0,0,0,4,0,0,6,0,0,0,0,2,3,2,0,0,0,0,1,0,1,3,0,0,0,0,0,3,1,0,2,0,0,0,1,6,2,2,10,8,4,5,1,2,78,1,0,0,0,9,7,0,3.862392664,1.844367385,3.717441559,0,0,0,0,0,0,0,0,0,0,0,0,0,0,0,,
5/5/2026 18:43:33,,cda251c024ea13bd0d6c5fe92ce4874695acc762,36.58108902,280,280,93.33333588,0,26.92307663,18,1,20,12.5,1,8.103900909,28.47716904,0,0,2,1,0,0,3,13,4,0,0,0,0,0,0,0,20,0,100,45,0,6,0,0,0,0,0,0,0,0,3,0,0,0,0,0,0,0,0,0,0,0,0,0,0,2,2,2,9,0,0,0,0,0,0,0,0,0,0,0,0,0,0,0,0,5,1,2,78,1,0,0,0,3,1,0,1.891827703,1.516997695,0.7449252605,0,0,0,0,0,0,0,0,0,0,0,0,0,0,0,,
5/5/2026 18:45:38,,cda251c024ea13bd0d6c5fe92ce4874695acc762,123.958931,760,760,253.3333282,0,76.92308044,24,5,13.60000038,68.75,1,65.32060242,21.10065651,37.53776932,5,15,1,1,0,1,8,3,0,0,3,25,0,0,0,70,45,70,20,3,12,0,0,0,0,1,11,0,0,15,0,0,0,0,0,0,0,0,0,0,0,0,0,1,3,0,1,6,0,0,4,0,0,2,0,0,0,0,0,6,0,0,6,0,5,1,2,78,1,0,0,0,7,3,0,3.822984934,1.802620769,2.645024776,0,0,0,0,0,0,0,0,0,0,0,0,0,0,0,,
5/5/2026 18:47:44,,cda251c024ea13bd0d6c5fe92ce4874695acc762,125.2001801,590,590,196.6666718,0,34.61538315,25,0,0,6.25,0,10.56889534,93.38946533,21.24185181,0,1,1,0,0,1,23,3,5,0,12,9,3,1,0,40,60,70,0,0,0,0,0,0,0,0,0,0,0,0,0,0,0,0,0,6,0,0,0,0,0,2,1,0,1,0,0,6,1,0,0,0,0,0,0,0,0,0,3,0,3,1,4,1,5,1,2,78,1,1,1,1,9,4,100,11.21658611,1.52250433,2.045628309,0,0,0,0,0,0,0,0,0,0,0,0,0,0,0,,
5/5/2026 18:50:21,,cda251c024ea13bd0d6c5fe92ce4874695acc762,155.3389587,1080,1080,360,0,100,35,9,10.66666698,100,0,141.783905,11.39259434,2.161843061,24,21,12,0,0,5,3,1,0,0,0,1,1,0,0,120,40,0,60,18,73,0,2,7,0,2,10,0,2,4,0,0,0,0,4,4,0,0,0,0,0,0,0,0,0,0,0,0,0,1,0,0,0,0,0,0,0,0,0,0,0,0,0,0,3,2,2,50,0,1.299999952,1.400000095,1.449999928,5,3,0,6.571449757,1.538936973,1.343972564,0,0,0,0,0,0,0,0,0,0,0,0,0,0,0,,
5/5/2026 18:53:31,,cda251c024ea13bd0d6c5fe92ce4874695acc762,194.8967743,1190,1190,396.6666565,0,23.84615326,44,6,119.5,21.4285717,1,50.17702103,29.49305916,115.2273026,1,13,9,0,0,4,11,2,1,0,10,47,1,12,0,70,119.25,55,0,6,22,0,0,0,0,0,19,0,2,7,0,0,0,0,0,0,0,0,1,0,0,0,0,0,0,0,2,7,3,1,13,5,0,4,4,1,6,5,0,3,1,0,14,28,7,1,0,104,1,0,0,0,14,12,0,5.873202801,3.019718885,1.567578197,0,0,0,0,0,0,0,0,0,0,0,0,0,0,1,,
5/5/2026 18:54:43,,cda251c024ea13bd0d6c5fe92ce4874695acc762,70.53757477,180,180,60,0,1.538461566,49,4,130,12.85714245,1,0,15.29629898,55.24131012,0,0,0,0,0,1,0,4,0,0,0,0,11,6,0,30,29.75,110,35,0,0,0,0,0,0,0,0,0,0,0,0,0,0,0,0,0,0,0,0,0,0,0,0,0,0,0,0,0,2,0,0,2,0,0,0,0,0,0,0,0,2,0,0,3,7,1,0,104,1,0,0,0,3,1,10,7.329576015,1.87021029,0.5884285569,0,0,0,0,0,0,0,0,0,0,0,0,0,0,0,,
5/5/2026 18:55:41,,cda251c024ea13bd0d6c5fe92ce4874695acc762,57.2245903,360,360,120,0,0,50,2,130,4.285714149,0,0,57.2245903,0,0,0,0,0,0,0,0,11,2,0,0,0,0,0,0,20,30,70,0,0,0,0,0,0,0,0,0,0,0,0,0,0,0,0,0,0,0,0,0,0,0,0,1,0,0,0,0,0,2,0,0,0,0,0,0,0,0,0,0,0,0,0,0,0,7,1,0,104,1,1,1.200000048,1,2,0,30,18.31337929,1.210989952,0.5531067848,0,0,0,0,0,0,0,0,0,0,0,0,0,0,0,,
5/5/2026 18:57:42,,cda251c024ea13bd0d6c5fe92ce4874695acc762,121.9424744,1050,1050,350,0,92.85713959,57,12,13.91666698,100,0,46.40637589,75.53598022,0,0,12,6,1,0,3,3,1,3,0,0,0,0,0,0,40,30,0,80,0,0,0,0,6,0,0,28,0,0,2,0,0,0,0,0,0,0,0,0,0,1,1,3,0,0,2,0,0,0,0,0,0,0,0,0,0,0,0,0,0,0,0,0,0,4,1,0,1,1,1.449999928,1.400000095,1.749999881,3,1,0,6.007322311,2.10483098,1.168863654,0,0,0,0,0,0,0,0,0,0,0,0,0,0,0,,
5/5/2026 18:58:36,,cda251c024ea13bd0d6c5fe92ce4874695acc762,53.03964615,200,200,66.66666412,0,12.12121201,60,3,19.33333397,33.33333206,1,23.87563515,3.139414787,26.02461243,0,10,2,0,0,0,1,0,0,0,0,0,5,2,0,0,70,65,40,0,8,0,0,9,0,0,0,0,0,0,0,0,0,0,0,0,0,0,0,0,0,0,0,0,0,0,0,0,0,0,0,1,0,0,0,0,0,0,0,0,1,0,0,8,1,2,1,103,1,0,0,0,5,3,0,4.59089613,1.288848042,0.4876045883,0,0,0,0,0,0,0,0,0,0,0,0,0,0,0,,
5/5/2026 18:59:06,,cda251c024ea13bd0d6c5fe92ce4874695acc762,29.78002167,260,260,86.66666412,0,15.15151501,60,4,22.75,22.22222137,1,21.0205555,8.759456635,0,2,5,3,1,0,2,1,0,0,0,0,0,0,0,0,30,70,25,20,1,6,3,2,7,0,0,0,0,0,0,0,0,0,0,0,0,0,2,0,0,0,0,0,0,0,0,0,0,0,0,0,0,0,0,0,0,0,0,0,0,0,0,0,0,1,2,1,103,1,0,0,0,3,1,0,5.574830532,1.635235548,0.2689211369,0,0,0,0,0,0,0,0,0,0,0,0,0,0,0,,
5/5/2026 18:59:43,,cda251c024ea13bd0d6c5fe92ce4874695acc762,37.56051254,260,260,86.66666412,0,18.18181801,62,3,19.66666603,27.77777863,1,22.41151619,2.650174141,12.49895191,4,5,0,2,0,0,1,0,0,0,0,2,0,1,0,30,90,30,25,2,6,0,0,9,4,0,0,0,0,0,0,0,0,0,0,0,0,0,0,0,0,0,0,0,0,0,0,0,0,1,1,1,1,0,1,0,0,0,0,0,0,0,1,3,1,2,1,103,1,0,0,0,4,1,0,3.628651619,1.628066778,0.2487394065,0,0,0,0,0,0,0,0,0,0,0,0,0,0,0,,
5/5/2026 19:00:04,,cda251c024ea13bd0d6c5fe92ce4874695acc762,23.73910713,30,30,10,0,0,63,1,0,11.11111069,1,0,23.73910713,0,0,0,0,0,0,1,2,2,2,0,0,0,0,0,0,30,50,65,20,0,0,0,0,0,0,0,0,0,0,0,0,0,0,0,0,1,3,0,0,0,0,0,0,0,0,0,0,1,1,0,0,0,0,0,0,0,0,0,0,0,0,0,0,0,1,2,1,103,1,0,0,0,2,0,0,3.541725636,1.174880147,0.187848106,0,0,0,0,0,0,0,0,0,0,0,0,0,0,1,,
5/5/2026 19:00:36,,cda251c024ea13bd0d6c5fe92ce4874695acc762,29.2558651,80,80,26.66666603,0,6.060606003,64,1,0,11.11111069,1,0,29.2558651,0,0,0,0,0,0,4,3,1,2,0,0,0,0,0,0,30,40,65,40,0,0,0,0,0,0,0,0,0,0,0,0,0,0,0,3,2,0,0,0,1,0,0,0,0,0,0,1,1,0,0,0,0,0,0,0,0,0,0,0,0,0,0,0,0,1,2,1,103,1,0,0,0,2,0,0,1.76467669,1.342490077,0.2297694087,0,0,0,0,0,0,0,0,0,0,0,0,0,0,1,,
5/5/2026 19:00:54,,cda251c024ea13bd0d6c5fe92ce4874695acc762,18.60396957,30,30,10,0,0,64,1,0,5.555555344,1,0,18.60396957,0,0,0,0,0,0,2,0,7,1,0,0,0,0,0,0,30,80,45,0,0,0,0,0,0,0,0,0,0,0,0,0,0,0,0,1,0,2,0,0,0,0,0,0,0,0,0,1,0,7,0,0,0,0,0,0,0,0,0,0,0,0,0,0,0,1,2,1,103,1,0,0,0,2,0,0,4.264183521,1.05023396,0.08179821074,0,0,0,0,0,0,0,0,0,0,0,0,0,0,1,,
5/5/2026 19:02:10,,cda251c024ea13bd0d6c5fe92ce4874695acc762,74.20143127,520,520,173.3333282,0,39.39393997,68,4,21.25,44.44444275,1,6.120985031,22.0613575,46.01893616,5,1,0,0,0,10,5,2,0,0,11,21,2,5,1,35,80,70,20,0,0,0,0,0,0,0,0,0,0,0,0,0,0,0,6,0,0,2,2,1,0,0,0,0,0,0,0,0,0,5,5,1,2,2,3,0,0,0,0,1,1,0,7,17,1,2,1,103,1,0,0,0,4,1,0,3.509049416,1.688354015,0.4372375011,0,0,0,0,0,0,0,0,0,0,0,0,0,0,0,,
5/5/2026 19:04:07,,cda251c024ea13bd0d6c5fe92ce4874695acc762,117.8789673,760,760,253.3333282,0,51.51515198,73,6,19.5,61.11111069,1,3.895479679,60.13570023,53.84782028,0,0,0,0,1,8,19,2,1,2,1,22,4,4,2,0,150,50,45,0,0,0,0,0,0,0,0,0,0,0,0,0,0,0,0,3,0,1,1,1,3,0,0,0,1,0,2,17,0,0,7,2,0,7,3,0,0,0,0,0,0,0,4,4,1,2,1,103,1,0,0,0,11,8,0,3.71385169,1.409204602,0.7057286501,0,0,0,0,0,0,0,0,0,0,0,2,0,0,2,,
5/5/2026 19:04:50,,cda251c024ea13bd0d6c5fe92ce4874695acc762,42.75941467,150,150,50,0,0,76,5,26.39999962,44.44444275,1,0,42.75941467,0,0,0,0,0,0,1,0,5,3,0,0,0,0,0,0,15,120,35,30,0,0,0,0,0,0,0,0,0,0,0,0,0,0,0,0,0,0,0,0,0,0,0,0,0,0,1,0,0,6,0,0,0,0,0,0,0,0,0,0,0,0,0,0,0,1,2,1,103,1,0,0,0,2,0,0,7.525184155,1.309082627,0.2497782856,0,0,0,0,0,0,0,0,0,0,0,0,0,0,3,,
5/5/2026 19:09:30,,cda251c024ea13bd0d6c5fe92ce4874695acc762,272.462738,1890,1890,630,0,100,83,11,11.81818199,100,0,24.39569283,178.8347778,69.23129272,1,4,1,1,0,6,36,5,5,0,63,21,2,5,0,15,150,70,30,0,0,0,0,6,0,0,0,0,0,0,0,0,0,0,2,2,0,0,4,3,1,3,2,0,0,0,0,30,23,6,4,2,2,0,4,0,0,0,1,1,0,32,12,10,1,2,1,103,1,1.599999905,1.400000095,1.449999928,11,5,0,8.000462532,1.403724074,0.9627622962,0,0,0,0,0,0,0,0,0,0,0,0,0,0,8,,
5/5/2026 19:11:51,,cda251c024ea13bd0d6c5fe92ce4874695acc762,113.9992218,970,970,323.3333435,0,100,93,9,6.888888836,100,0,0,113.9992218,0,0,0,0,0,0,10,26,11,3,0,0,0,0,0,0,60,0,20,0,0,0,0,0,0,0,0,0,0,0,0,0,0,0,0,0,0,0,0,1,0,10,11,4,0,0,0,0,6,3,0,0,0,0,0,0,0,0,0,0,0,0,0,0,0,3,2,2,56,1,1.149999976,1.200000048,1.899999857,2,0,0,8.694601059,1.604859114,0.2598740757,0,0,0,0,0,0,0,0,0,0,0,0,0,0,1,,
5/5/2026 19:12:25,,cda251c024ea13bd0d6c5fe92ce4874695acc762,34.82067108,300,300,100,0,0,94,0,0,6.25,0,0,34.82067108,0,0,0,0,0,0,0,0,14,0,0,0,0,0,0,0,20,0,45,0,0,0,0,0,0,0,0,0,0,0,0,0,0,0,0,0,0,0,0,0,0,0,0,0,0,0,0,0,0,0,0,0,0,0,0,0,0,0,0,0,0,0,0,0,0,5,1,2,78,1,1,1,1,2,0,100,12.19957161,2.570955276,0.2060121,0,0,0,0,0,0,0,0,0,0,0,0,0,0,0,,
5/5/2026 19:13:18,,cda251c024ea13bd0d6c5fe92ce4874695acc762,53.65795517,510,510,170,0,9.090909004,98,5,22,47.36841965,0,0,53.65795517,0,0,0,0,0,0,2,2,0,2,0,0,0,0,0,0,60,10,0,15,0,0,0,0,0,0,0,0,0,0,0,0,0,0,0,0,0,3,0,1,1,0,0,0,1,0,0,0,0,0,0,0,0,0,0,0,0,0,0,0,0,0,0,0,0,3,2,2,50,0,1.299999952,1.200000048,1.149999976,2,0,0,5.636631489,1.681271672,0.2773072422,0,0,0,0,0,0,0,0,0,0,0,0,0,0,0,,
5/5/2026 19:14:36,,cda251c024ea13bd0d6c5fe92ce4874695acc762,76.63782501,410,410,136.6666718,0,1.538461566,98,1,130,1.428571463,0,0,76.63782501,0,0,0,0,0,0,2,6,25,4,0,0,0,0,0,0,0,40,25,0,0,0,0,0,0,0,0,0,0,0,0,0,0,0,0,0,0,0,0,1,0,0,0,0,0,0,0,1,4,0,0,0,0,0,0,0,0,0,0,0,0,0,0,0,0,7,1,0,104,1,1,1,1.149999976,2,0,20,4.128809452,1.61139071,0.3177285194,0,0,0,0,0,0,0,0,0,0,0,0,0,0,0,,
5/5/2026 19:15:27,,cda251c024ea13bd0d6c5fe92ce4874695acc762,50.42359543,660,660,220,0,35.7142868,102,7,12.4285717,57.89473724,0,0,50.42359543,0,0,0,0,0,0,4,10,6,1,0,0,0,0,0,0,0,40,0,0,0,0,0,0,0,0,0,0,0,0,0,0,0,0,0,0,0,0,0,1,2,4,5,2,1,0,0,0,0,0,0,0,0,0,0,0,0,0,0,0,0,0,0,0,0,4,1,0,1,1,1.449999928,1.300000072,1.149999976,2,0,0,6.421043873,2.011403322,0.228046611,0,0,0,0,0,0,0,0,0,0,0,0,0,0,0,,
5/5/2026 19:17:04,,cda251c024ea13bd0d6c5fe92ce4874695acc762,98.10771179,160,160,53.33333206,1,15.15151501,104,1,0,16.66666603,0,0,98.10771179,0,0,0,0,0,0,2,14,22,3,1,0,0,0,0,0,15,60,25,5,0,0,0,0,0,0,0,0,0,0,0,0,0,0,0,2,5,0,0,3,0,0,2,0,0,0,0,1,3,0,0,0,0,0,0,0,0,0,0,0,0,0,0,0,0,1,2,1,103,1,0,0,0,2,0,25,4.141039371,1.914044023,0.4367504418,0,0,0,0,0,0,0,0,0,0,0,0,0,0,0,,
5/5/2026 19:17:47,,cda251c024ea13bd0d6c5fe92ce4874695acc762,45.59257126,670,510,170,0,33.33333206,108,3,10.66666698,36.84210587,0,0,45.59257126,0,0,0,0,0,0,8,7,6,1,0,0,0,0,0,0,20,0,10,30,0,0,0,0,0,0,0,0,0,0,0,0,0,0,0,0,0,0,1,0,0,4,4,2,0,0,0,0,1,1,0,0,0,0,0,0,0,0,0,0,0,0,0,0,0,3,2,2,56,1,1,1.100000024,1.299999952,0,0,0,1.630589724,1.596121907,0.1253324151,0,0,0,0,0,0,0,0,0,0,0,0,0,0,0,,
5/5/2026 19:18:24,,cda251c024ea13bd0d6c5fe92ce4874695acc762,27.41931915,300,300,100,0,0,108,0,0,0,0,0,27.41931915,0,0,0,0,0,0,0,0,13,1,0,0,0,0,0,0,80,0,15,0,0,0,0,0,0,0,0,0,0,0,0,0,0,0,0,0,0,0,0,0,0,0,0,0,0,0,0,0,0,0,0,0,0,0,0,0,0,0,0,0,0,0,0,0,0,5,1,2,78,1,1,1,1,2,0,100,13.81943226,2.474798203,0.1338557005,0,0,0,0,0,0,0,0,0,0,0,0,0,0,0,,
5/5/2026 19:18:53,,cda251c024ea13bd0d6c5fe92ce4874695acc762,12.58878517,40,40,13.33333302,1,9.090909004,108,0,0,0,0,0,12.58878517,0,0,0,0,0,0,9,0,0,0,0,0,0,0,0,0,60,40,0,0,0,0,0,0,0,0,0,0,0,0,0,0,0,0,0,12,0,0,0,0,0,0,0,0,0,0,0,0,0,0,0,0,0,0,0,0,0,0,0,0,0,0,0,0,0,3,2,2,50,0,0,0,0,2,0,0,1.175186515,0.7182829976,0.03690168262,0,0,0,0,0,0,0,0,0,0,0,0,0,0,0,,
5/5/2026 19:18:57,,cda251c024ea13bd0d6c5fe92ce4874695acc762,2.966432333,40,0,0,1,0,108,0,0,0,0,0,2.966432333,0,0,0,0,0,0,0,0,0,0,0,0,0,0,0,0,0,10,0,0,0,0,0,0,0,0,0,0,0,0,0,0,0,0,0,0,0,0,0,0,0,0,0,0,0,0,0,0,0,0,0,0,0,0,0,0,0,0,0,0,0,0,0,0,0,7,1,0,104,1,0,0,0,0,0,0,0,0.7127688527,0.006382780615,0,0,0,0,0,0,0,0,0,0,0,0,0,0,0,,
5/7/2026 18:04:03,,61ba1ad1e381c2a7ccb892a864aad6a50daf8d96,66.70011902,360,360,120,0,27.27272797,3,3,29.33333397,33.33333206,1,0,66.70011902,0,0,0,0,0,0,47,0,4,0,2,0,0,0,0,0,15,120,15,35,0,0,0,0,0,0,0,0,0,0,0,0,0,0,0,12,0,0,11,0,0,0,0,0,2,0,0,16,0,0,0,0,0,0,0,0,0,0,0,0,0,0,0,0,0,1,2,1,103,1,0,0,0,1,0,0,2.911663055,1.892332911,7.145166874,0,0,0,0,0,0,0,0,0,0,0,1,0,0,0,,
5/7/2026 18:05:04,,61ba1ad1e381c2a7ccb892a864aad6a50daf8d96,62.93883896,530,530,176.6666718,0,39.39393997,7,2,14,33.33333206,1,0,62.93883896,0,0,0,0,0,0,11,25,0,0,3,0,0,0,0,0,60,100,35,5,0,0,0,0,0,0,0,0,0,0,0,0,0,0,0,3,5,0,5,2,0,0,0,0,0,1,0,5,30,0,0,0,0,0,0,0,0,0,0,0,0,0,0,0,0,1,2,1,103,1,0,0,0,2,0,0,2.045977592,1.500159502,3.914652348,0,0,0,0,0,0,0,0,0,0,0,1,0,0,0,,
5/7/2026 18:06:25,,61ba1ad1e381c2a7ccb892a864aad6a50daf8d96,81.78053284,700,700,233.3333282,0,48.48484802,11,5,20.20000076,50,1,0,81.78053284,0,0,0,0,0,0,7,37,0,0,3,0,0,0,0,0,50,140,15,15,0,0,0,0,0,0,0,0,0,0,0,0,0,0,0,4,7,0,0,7,0,0,1,0,0,1,0,2,18,0,0,0,0,0,0,0,0,0,0,0,0,0,0,0,0,1,2,1,103,1,0,0,0,2,0,0,2.350729227,1.574318886,3.417824268,0,0,0,0,0,0,0,0,0,0,0,3,0,0,0,,
5/9/2026 14:37:26,,6af69727f4e722686c620f409a9a22dfdd1596cf,116.9586334,420,420,140,0,46.15384674,5,2,20.5,43.75,1,63.49666214,16.69484138,36.76708221,19,11,6,2,2,9,1,0,0,1,43,0,3,3,1,15,32.5,75,85,4,12,0,0,0,0,2,5,4,4,10,0,2,2,0,0,0,0,0,0,0,0,0,0,2,0,0,1,0,0,0,0,0,0,0,0,0,0,0,7,0,1,12,0,4,5,1,2,78,1,0,0,0,13,11,100,4.11017704,2.36817646,6.547856808,0,0,0,0,0,0,0,0,0,0,0,0,0,0,0,,
5/9/2026 14:39:34,,6af69727f4e722686c620f409a9a22dfdd1596cf,128.8407745,710,710,236.6666718,0,73.07691956,12,5,14.80000019,75,1,91.95757294,33.26133347,3.621597767,29,14,5,2,0,18,1,2,3,0,4,0,0,0,0,115,0,45,100,9,13,0,0,3,0,2,14,0,8,11,3,0,0,0,0,0,0,0,0,0,0,0,0,8,0,1,7,1,3,0,0,0,0,0,0,0,0,0,0,0,0,0,0,0,5,1,2,78,1,0,0,0,10,4,100,5.162155151,1.751696467,4.134979248,0,0,0,0,0,0,0,0,0,0,0,0,0,0,1,,
5/9/2026 14:41:21,,6af69727f4e722686c620f409a9a22dfdd1596cf,105.8382645,740,740,246.6666718,0,76.92308044,18,5,14.19999981,68.75,1,63.35391617,30.13104248,12.35344505,9,18,8,0,1,11,4,1,3,1,18,1,1,1,0,185,20,15,30,2,10,0,0,3,0,1,13,0,3,20,0,0,0,0,1,0,0,0,0,0,0,0,0,4,0,6,5,2,5,8,0,0,0,0,0,3,0,2,0,0,0,0,0,0,5,1,2,78,1,0,0,0,10,8,100,6.85084343,1.813893437,2.479296923,3,0,0,1,0,0,0,0,0,0,0,0,0,0,2,,
5/9/2026 14:44:21,,6af69727f4e722686c620f409a9a22dfdd1596cf,181.9399261,1270,1270,423.3333435,0,96.15384674,27,7,12.28571415,100,0,124.0194244,57.92105484,0,57,14,4,1,1,30,1,1,6,2,0,0,0,0,0,95,39.5,75,25,8,13,0,2,1,0,17,13,1,8,17,0,0,0,2,0,0,0,0,0,0,2,0,2,7,0,2,12,1,9,0,0,0,0,0,0,0,0,0,0,0,0,0,0,0,5,1,2,78,1,1.149999976,1.400000095,1.299999952,8,2,0,6.747055531,2.402958393,2.372512341,1,0,0,0,0,0,0,0,0,0,0,0,0,0,4,,
5/9/2026 14:46:44,,6af69727f4e722686c620f409a9a22dfdd1596cf,137.9606018,1080,1080,360,0,100,37,9,12.55555534,100,0,37.33208084,2.383638144,98.24481201,6,8,1,0,1,1,0,0,0,0,102,3,0,2,1,90,50,0,20,2,27,0,0,3,0,0,6,0,0,0,0,0,0,0,0,0,0,0,0,0,0,0,0,0,0,0,0,0,0,51,4,2,4,0,0,2,0,2,4,0,0,0,0,0,3,2,2,50,0,1.299999952,1.200000048,1.749999881,5,3,0,8.452848434,1.726904392,0.977165699,2,0,0,0,0,0,0,0,0,0,0,0,0,0,0,,
5/9/2026 14:48:44,,6af69727f4e722686c620f409a9a22dfdd1596cf,117.6608047,940,940,313.3333435,0,91.66666412,44,9,7.777777672,84.21052551,0,42.10003662,62.36468506,13.19595242,29,3,0,0,0,26,1,0,1,0,15,0,0,0,1,20,0,5,10,0,0,0,1,0,0,18,6,0,0,0,0,3,9,0,0,0,0,0,0,0,22,1,0,0,0,0,0,0,3,0,0,0,2,0,0,0,0,0,0,0,0,11,0,0,3,2,2,56,1,1.299999952,1.600000143,1.149999976,13,10,0,8.981409073,1.522365451,0.6357856393,0,0,0,0,0,0,0,0,0,0,0,0,0,0,1,,
5/9/2026 14:50:28,,6af69727f4e722686c620f409a9a22dfdd1596cf,104.6985397,720,720,240,0,48.48484802,49,5,20.79999924,55.55555725,1,0,20.14007187,84.55867004,0,0,0,0,0,8,2,0,3,0,81,2,4,4,3,35,130,40,40,0,0,0,0,0,0,0,0,0,0,0,0,0,0,0,3,1,2,0,0,0,0,0,0,0,0,0,13,3,16,13,0,0,14,1,2,0,0,0,3,0,0,27,2,6,1,2,1,103,1,0,0,0,8,6,0,6.02649498,1.68121624,0.7754426003,0,0,0,0,0,0,0,0,0,0,0,1,1,0,2,,
5/9/2026 14:51:38,,6af69727f4e722686c620f409a9a22dfdd1596cf,68.63897705,360,360,120,0,24.24242401,53,4,20.5,44.44444275,1,10.22552681,39.02888489,19.38456726,3,2,0,0,0,28,1,0,3,1,13,1,0,1,2,45,140,25,35,0,0,0,2,0,0,0,0,0,0,0,0,0,0,0,9,0,2,8,0,1,0,0,0,0,0,0,1,1,0,1,0,0,1,0,0,0,0,0,0,0,0,8,1,4,1,2,1,103,1,0,0,0,7,5,0,2.706320763,1.784018993,0.4855687022,0,0,0,0,0,0,0,0,0,0,1,1,1,0,2,,
5/9/2026 14:51:39,,6af69727f4e722686c620f409a9a22dfdd1596cf,1.310279608,30,30,10,1,0,53,1,0,5.555555344,0,0,1.310279608,0,0,0,0,0,0,0,0,0,0,0,0,0,0,0,0,0,20,0,10,0,0,0,0,0,0,0,0,0,0,0,0,0,0,0,0,0,0,0,0,0,0,0,0,0,0,0,0,0,0,0,0,0,0,0,0,0,0,0,0,0,0,0,0,0,1,2,1,103,1,0,0,0,2,0,0,0.5755007863,1.943674922,0.008270482533,0,0,0,0,0,0,0,0,0,0,0,0,0,0,0,,
5/9/2026 14:53:43,,6af69727f4e722686c620f409a9a22dfdd1596cf,117.1520462,1110,1080,360,0,100,59,12,6.083333492,94.73683929,0,0,7.360468864,109.7913589,0,0,0,0,0,4,0,0,0,0,121,0,0,5,1,40,40,0,40,0,0,0,0,0,0,0,0,0,0,0,0,0,0,0,0,0,0,0,0,0,4,0,0,0,0,0,0,0,0,0,0,0,5,0,3,54,0,5,3,0,0,0,0,0,4,1,0,1,1,1.749999881,1.500000119,1.299999952,2,1,0,5.783643723,2.392340422,0.6286637783,0,0,0,0,0,0,0,0,0,0,0,0,0,0,0,,
5/9/2026 14:56:22,,6af69727f4e722686c620f409a9a22dfdd1596cf,158.5977631,660,660,220,0,10.76923084,66,7,124.4285736,20,1,8.4181633,42.69624329,107.4830551,1,0,1,0,2,9,0,0,8,0,74,7,3,5,2,60,60,95,45,0,0,0,0,0,0,0,0,0,0,0,0,0,0,0,1,0,12,0,0,0,0,0,0,0,0,4,3,0,19,6,4,5,2,0,4,19,0,3,0,2,3,17,2,7,7,1,0,104,1,0,0,0,29,27,20,9.083154678,2.496139526,0.8118515015,2,0,0,4,1,0,0,0,0,0,0,1,0,0,7,,
5/9/2026 14:56:27,,6af69727f4e722686c620f409a9a22dfdd1596cf,5.093179226,30,30,10,1,0,66,1,130,1.428571463,0,0,5.093179226,0,0,0,0,0,0,0,0,0,0,0,0,0,0,0,0,20,10,5,0,0,0,0,0,0,0,0,0,0,0,0,0,0,0,0,0,0,0,0,0,0,0,0,0,0,0,0,0,0,0,0,0,0,0,0,0,0,0,0,0,0,0,0,0,0,7,1,0,104,1,0,0,0,2,0,0,0.3871649206,0.6153566837,0.02075151727,0,0,0,0,0,0,0,0,0,0,0,0,0,0,0,,
5/9/2026 14:56:58,,6af69727f4e722686c620f409a9a22dfdd1596cf,33.18810654,320,290,96.66666412,0,26.92307663,67,2,20.5,18.75,1,0,33.18810654,0,0,0,0,0,0,1,10,0,4,0,0,0,0,0,0,55,0,45,80,0,0,0,0,0,0,0,0,0,0,0,0,0,0,0,0,1,2,0,0,0,0,0,0,4,1,1,0,4,2,0,0,0,0,0,0,0,0,0,0,0,0,0,0,0,5,1,2,78,1,0,0,0,0,0,0,2.682914257,2.241546154,0.1764025539,0,0,0,0,0,0,0,0,0,0,0,0,0,0,1,,
5/9/2026 14:57:12,,6af69727f4e722686c620f409a9a22dfdd1596cf,13.28042793,0,0,0,0,0,68,0,0,6.25,1,0,13.28042793,0,0,0,0,0,0,0,0,0,0,0,0,0,0,0,0,20,0,50,100,0,0,0,0,0,0,0,0,0,0,0,0,0,0,0,0,0,0,0,0,0,0,0,0,0,0,0,0,0,0,0,0,0,0,0,0,0,0,0,0,0,0,0,0,0,5,1,2,78,1,0,0,0,2,0,0,1.73879683,2.22007966,0.05929020792,0,0,0,0,0,0,0,0,0,0,0,0,0,0,0,,
5/19/2026 11:39:08,,f1a4449c6226701e739e2bc22af4f939fffb6280,27.15917015,0,0,0,0,0,0,0,0,0,1,7.856383801,11.25157547,8.051242828,1,2,0,0,0,3,0,0,0,0,7,1,0,0,2,0,40,0,100,0,6,0,0,0,0,0,0,0,0,0,0,0,0,0,0,0,0,0,0,0,0,0,0,0,0,0,0,0,0,0,0,0,0,0,0,0,0,0,0,0,0,0,0,0,1,2,1,103,1,0,0,0,6,5,0,0.9059820175,1.357823372,9.621645927,0,0,0,0,0,0,0,0,0,0,0,0,0,0,0,1,
5/19/2026 11:39:11,,f1a4449c6226701e739e2bc22af4f939fffb6280,4.920255661,30,30,10,0,0,0,1,0,5.555555344,1,0,4.920255661,0,0,0,0,0,0,0,0,0,0,0,0,0,0,0,0,15,40,0,100,0,0,0,0,0,0,0,0,0,0,0,0,0,0,0,0,0,0,0,0,0,0,0,0,0,0,0,0,0,0,0,0,0,0,0,0,0,0,0,0,0,0,0,0,0,1,2,1,103,1,0,0,0,2,0,0,1.086460352,1.281731009,1.219223022,0,0,0,0,0,0,0,0,0,0,0,0,0,0,0,1,
5/19/2026 11:39:20,,f1a4449c6226701e739e2bc22af4f939fffb6280,9.320138931,30,30,10,0,0,0,1,0,5.555555344,1,0,9.320138931,0,0,0,0,0,0,0,0,0,0,1,0,0,0,0,0,15,40,0,100,0,0,0,0,0,0,0,0,0,0,0,0,0,0,0,0,0,0,0,0,0,0,0,0,0,0,0,0,0,0,0,0,0,0,0,0,0,0,0,0,0,0,0,0,0,1,2,1,103,1,0,0,0,2,0,0,1.462024927,2.247104168,1.863749623,0,0,0,0,0,0,0,0,0,0,0,0,0,0,0,1,
5/19/2026 11:39:31,,f1a4449c6226701e739e2bc22af4f939fffb6280,9.359544754,30,30,10,0,0,0,1,0,5.555555344,1,0,9.359544754,0,0,0,0,0,0,0,0,0,0,1,0,0,0,0,0,15,40,0,100,0,0,0,0,0,0,0,0,0,0,0,0,0,0,0,0,0,0,0,0,0,0,0,0,0,0,0,0,0,0,0,0,0,0,0,0,0,0,0,0,0,0,0,0,0,1,2,1,103,1,0,0,0,2,0,0,1.777844787,1.471596837,1.539180636,0,0,0,0,0,0,0,0,0,0,0,0,0,0,0,1,
5/19/2026 11:41:18,,f1a4449c6226701e739e2bc22af4f939fffb6280,107.6797409,510,510,170,0,36.36363602,3,4,21,38.88888931,1,43.72219467,63.9582634,0,0,9,3,0,0,5,22,2,0,4,0,0,0,0,0,15,115.875,55,20,0,7,0,0,3,0,0,0,0,0,0,0,1,6,0,4,5,0,0,4,0,0,0,0,0,1,0,0,15,0,0,0,0,0,0,0,0,0,0,0,0,0,0,0,0,1,2,1,103,1,0,0,0,7,3,0,3.190962076,1.514006495,4.542612553,0,0,0,0,0,0,0,0,0,0,0,2,0,0,0,1,
5/19/2026 11:44:03,,f1a4449c6226701e739e2bc22af4f939fffb6280,166.6985016,1270,1270,423.3333435,0,81.8181839,9,9,14.77777767,83.33333588,1,0,166.6985016,0,0,0,0,0,0,6,66,6,0,6,0,0,0,0,0,35,160,40,20,0,0,0,0,0,0,0,0,0,0,0,0,0,0,0,2,9,0,1,10,0,1,5,0,0,1,0,1,56,1,0,0,0,0,0,0,0,0,0,0,0,0,0,0,0,1,2,1,103,1,0,0,0,2,0,0,7.569442272,1.353565693,3.595220089,0,0,0,0,0,0,0,0,0,0,0,4,0,0,0,1,
5/19/2026 11:44:06,,f1a4449c6226701e739e2bc22af4f939fffb6280,1.918703675,30,30,10,1,0,9,1,0,5.555555344,0,0,1.918703675,0,0,0,0,0,0,0,0,0,0,0,0,0,0,0,0,0,30,0,0,0,0,0,0,0,0,0,0,0,0,0,0,0,0,0,0,0,0,0,0,0,0,0,0,0,0,0,0,0,0,0,0,0,0,0,0,0,0,0,0,0,0,0,0,0,1,2,1,103,1,0,0,0,2,0,0,0.3264049292,1.176142931,0.05192459747,0,0,0,0,0,0,0,0,0,0,0,0,0,0,0,1,
5/19/2026 11:46:11,,f1a4449c6226701e739e2bc22af4f939fffb6280,123.7013855,970,940,313.3333435,0,91.66666412,19,9,6.666666508,100,0,96.22644043,27.4745369,0,1,20,13,0,3,1,9,1,0,0,0,0,0,0,0,20,37.5,5,45,0,0,0,0,3,0,6,48,0,0,0,0,0,14,0,0,0,0,0,0,0,1,2,0,0,0,0,0,5,0,0,0,0,0,0,0,0,0,0,0,0,0,0,0,0,3,2,2,56,1,1.899999857,1.200000048,1.149999976,6,4,0,8.993407249,1.75777781,1.249650955,0,0,0,0,0,0,0,0,0,0,0,0,0,0,0,1,
5/19/2026 11:47:22,,f1a4449c6226701e739e2bc22af4f939fffb6280,71.1600647,630,630,210,0,38.46154022,19,0,0,0,0,0.7477791905,70.41238403,0,0,0,0,0,0,5,26,3,0,0,0,0,0,0,0,60,0,50,0,0,0,0,0,0,0,0,0,0,0,0,0,0,0,0,0,3,0,0,0,0,0,3,0,1,5,0,5,7,0,0,0,0,0,0,0,0,0,0,0,0,0,0,0,0,5,1,2,78,1,1,1,1,4,1,0,4.668410301,0.8916457295,1.395310283,0,0,0,0,0,0,0,0,0,0,0,0,0,0,0,1,
5/19/2026 11:49:05,,f1a4449c6226701e739e2bc22af4f939fffb6280,104.438591,1080,1080,360,0,100,26,12,4.833333492,100,0,95.13157654,9.307455063,0,6,18,19,0,0,0,4,1,0,0,0,0,0,0,0,100,20,0,20,0,0,0,2,7,0,6,51,0,0,3,0,0,0,0,0,0,0,0,0,0,0,4,0,0,0,0,0,0,0,0,0,0,0,0,0,0,0,0,0,0,0,0,0,0,4,1,0,1,1,1.899999857,1.300000072,1.449999928,3,1,0,6.650335312,2.262238741,1.084926009,0,0,0,0,0,0,0,0,0,0,0,0,0,0,0,1,
5/19/2026 11:49:25,,f1a4449c6226701e739e2bc22af4f939fffb6280,18.27920151,60,60,20,0,1.538461566,27,0,0,1.428571463,1,5.314031601,12.96516323,0,0,0,2,0,0,2,2,0,0,1,0,0,0,0,0,0,50,100,0,0,0,0,0,0,0,0,0,0,0,0,0,0,0,0,0,0,0,2,1,0,0,1,0,0,0,0,1,0,0,0,0,0,0,0,0,0,0,0,0,0,0,0,0,0,7,1,0,104,1,0,0,0,5,2,0,2.512408733,1.387909532,0.1429675072,0,0,0,0,0,0,0,0,0,0,0,1,0,0,0,1,
5/19/2026 11:53:04,,f1a4449c6226701e739e2bc22af4f939fffb6280,220.0194855,1260,1260,420,0,20.76922989,27,1,130,1.428571463,0,0,220.0194855,0,0,0,0,0,0,6,108,24,0,0,0,0,0,0,0,20,30,70,20,0,0,0,0,0,0,0,0,0,0,0,0,0,0,0,0,24,0,0,1,0,0,15,0,1,2,0,3,47,2,0,0,0,0,0,0,0,0,0,0,0,0,0,0,0,7,1,0,104,1,1,1,1.149999976,2,0,0,8.111132622,0.8240561485,2.472934484,0,0,0,0,0,0,0,0,0,0,0,0,0,0,0,1,
5/19/2026 11:55:18,,f1a4449c6226701e739e2bc22af4f939fffb6280,132.4208374,1080,1080,360,0,100,37,9,11.77777767,100,0,110.9449005,10.39783192,11.07732487,4,24,25,0,1,7,3,2,0,0,2,4,1,0,0,75,50,0,0,19,72,0,2,4,0,3,9,0,2,4,0,0,0,0,3,5,1,0,0,0,0,0,0,0,0,0,0,0,0,0,0,0,1,1,0,0,0,0,0,0,0,0,0,0,3,2,2,50,0,1.599999905,1.400000095,1.149999976,8,4,0,7.856612206,1.621679306,0.89472121,1,0,0,0,0,0,0,0,0,0,0,0,0,0,0,1,
5/25/2026 13:22:26,,73c1cf26c9e39aa883150192665195bf061e2bef,30.0735836,80,80,26.66666603,1,9.090909004,0,0,0,0,0,0,30.0735836,0,0,0,0,0,0,16,0,1,0,1,0,0,0,0,0,15,100,0,0,0,0,0,0,0,0,0,0,0,0,0,0,0,0,0,6,0,0,4,0,0,0,0,0,0,0,0,0,0,0,0,0,0,0,0,0,0,0,0,0,0,0,0,0,0,1,2,1,103,1,0,0,0,1,0,0,1.343289971,1.485351324,10.26451206,0,0,0,0,0,0,0,0,0,0,0,0,0,0,0,1,
5/25/2026 13:22:27,,73c1cf26c9e39aa883150192665195bf061e2bef,1.169757962,80,0,0,1,0,0,0,0,0,0,0,1.169757962,0,0,0,0,0,0,0,0,0,0,0,0,0,0,0,0,0,0,5,0,0,0,0,0,0,0,0,0,0,0,0,0,0,0,0,0,0,0,0,0,0,0,0,0,0,0,0,0,0,0,0,0,0,0,0,0,0,0,0,0,0,0,0,0,0,5,1,2,78,1,0,0,0,0,0,0,2.098122835,0.7551822662,0.1606512815,0,0,0,0,0,0,0,0,0,0,0,0,0,0,0,1,
5/25/2026 13:22:27,,73c1cf26c9e39aa883150192665195bf061e2bef,0.7580313683,80,0,0,1,0,0,0,0,0,0,0,0.7580313683,0,0,0,0,0,0,0,0,0,0,0,0,0,0,0,0,0,0,0,0,0,0,0,0,0,0,0,0,0,0,0,0,0,0,0,0,0,0,0,0,0,0,0,0,0,0,0,0,0,0,0,0,0,0,0,0,0,0,0,0,0,0,0,0,0,4,1,0,1,1,0,0,0,0,0,0,0,0.7325502634,0.1634870172,0,0,0,0,0,0,0,0,0,0,0,0,0,0,0,1,
5/25/2026 13:22:29,,73c1cf26c9e39aa883150192665195bf061e2bef,1.379846454,80,0,0,1,0,0,0,0,0,0,0,1.379846454,0,0,0,0,0,0,0,0,0,0,0,0,0,0,0,0,0,10,0,0,0,0,0,0,0,0,0,0,0,0,0,0,0,0,0,0,0,0,0,0,0,0,0,0,0,0,0,0,0,0,0,0,0,0,0,0,0,0,0,0,0,0,0,0,0,7,1,0,104,1,0,0,0,0,0,0,0,0.7131405473,0.1869286895,0,0,0,0,0,0,0,0,0,0,0,0,0,0,0,1,
5/25/2026 13:22:30,,73c1cf26c9e39aa883150192665195bf061e2bef,1.134643197,80,0,0,1,0,0,0,0,0,0,0,1.134643197,0,0,0,0,0,0,0,0,0,0,0,0,0,0,0,0,0,0,0,0,0,0,0,0,0,0,0,0,0,0,0,0,0,0,0,0,0,0,0,0,0,0,0,0,0,0,0,0,0,0,0,0,0,0,0,0,0,0,0,0,0,0,0,0,0,3,2,2,56,1,0,0,0,0,0,0,0,0.6616291404,0.2279594243,0,0,0,0,0,0,0,0,0,0,0,0,0,0,0,1,
5/25/2026 13:22:31,,73c1cf26c9e39aa883150192665195bf061e2bef,0.7307547927,80,0,0,1,0,0,0,0,0,0,0,0.7307547927,0,0,0,0,0,0,0,0,0,0,0,0,0,0,0,0,0,10,0,0,0,0,0,0,0,0,0,0,0,0,0,0,0,0,0,0,0,0,0,0,0,0,0,0,0,0,0,0,0,0,0,0,0,0,0,0,0,0,0,0,0,0,0,0,0,3,2,2,50,0,0,0,0,0,0,0,0,0.6593820453,0.1313844919,0,0,0,0,0,0,0,0,0,0,0,0,0,0,0,1,
5/25/2026 13:22:32,,73c1cf26c9e39aa883150192665195bf061e2bef,1.770919085,110,30,10,1,0,0,1,0,5.555555344,0,0,1.770919085,0,0,0,0,0,0,0,0,0,0,0,0,0,0,0,0,0,20,0,0,0,0,0,0,0,0,0,0,0,0,0,0,0,0,0,0,0,0,0,0,0,0,0,0,0,0,0,0,0,0,0,0,0,0,0,0,0,0,0,0,0,0,0,0,0,1,2,1,103,1,0,0,0,0,0,0,0.02512802184,0.7218711972,0.4605188668,0,0,0,0,0,0,0,0,0,0,0,0,0,0,0,1,
5/25/2026 13:22:38,,73c1cf26c9e39aa883150192665195bf061e2bef,5.222548008,110,0,0,1,0,1,0,0,6.25,0,0,5.222548008,0,0,0,0,0,0,0,0,0,0,0,0,0,0,0,0,0,0,30,0,0,0,0,0,0,0,0,0,0,0,0,0,0,0,0,0,0,0,0,0,0,0,0,0,0,0,0,0,0,0,0,0,0,0,0,0,0,0,0,0,0,0,0,0,0,5,1,2,78,1,0,0,0,0,0,0,2.031217575,1.832890391,0.5877568722,0,0,0,0,0,0,0,0,0,0,0,0,0,0,0,1,
5/25/2026 13:22:40,,73c1cf26c9e39aa883150192665195bf061e2bef,1.835564256,110,0,0,1,0,1,0,0,0,0,0,1.835564256,0,0,0,0,0,0,0,0,0,0,0,0,0,0,0,0,0,0,0,0,0,0,0,0,0,0,0,0,0,0,0,0,0,0,0,0,0,0,0,0,0,0,0,0,0,0,0,0,0,0,0,0,0,0,0,0,0,0,0,0,0,0,0,0,0,4,1,0,1,1,0,0,0,0,0,0,2.2562747,2.15561986,0.2815096378,0,0,0,0,0,0,0,0,0,0,0,0,0,0,0,1,
5/25/2026 13:22:42,,73c1cf26c9e39aa883150192665195bf061e2bef,1.959360242,110,0,0,0,0,1,0,0,0,1,0,1.959360242,0,0,0,0,0,0,0,0,0,0,0,0,0,0,0,0,0,0,0,0,0,0,0,0,0,0,0,0,0,0,0,0,0,0,0,0,0,0,0,0,0,0,0,0,0,0,0,0,0,0,0,0,0,0,0,0,0,0,0,0,0,0,0,0,0,7,1,0,104,1,0,0,0,0,0,0,1.150228739,0.7526307702,0.1934126318,0,0,0,0,0,0,0,0,0,0,0,0,0,0,0,1,
5/25/2026 13:22:43,,73c1cf26c9e39aa883150192665195bf061e2bef,1.229875565,0,0,0,0,0,1,0,0,0,1,0,1.229875565,0,0,0,0,0,0,0,0,0,0,0,0,0,0,0,0,0,10,0,0,0,0,0,0,0,0,0,0,0,0,0,0,0,0,0,0,0,0,0,0,0,0,0,0,0,0,0,0,0,0,0,0,0,0,0,0,0,0,0,0,0,0,0,0,0,7,1,0,104,1,0,0,0,2,0,0,0.01051587891,0.840354979,0.09340081364,0,0,0,0,0,0,0,0,0,0,0,0,0,0,0,1,
5/25/2026 13:24:02,,73c1cf26c9e39aa883150192665195bf061e2bef,72.35514069,360,360,120,0,5.384615421,2,3,126.3333359,5.714285851,1,0,72.35514069,0,0,0,0,0,0,16,26,0,0,2,0,0,0,0,0,0,60,100,5,0,0,0,0,0,0,0,0,0,0,0,0,0,0,0,0,0,0,1,2,0,1,2,0,0,1,0,6,11,0,0,0,0,0,0,0,0,0,0,0,0,0,0,0,0,7,1,0,104,1,0,0,0,2,0,10,12.18112564,1.362536311,5.129606724,0,0,0,0,0,0,0,0,0,0,0,0,0,0,3,1,
5/25/2026 13:31:12,,73c1cf26c9e39aa883150192665195bf061e2bef,382.6013184,3470,3470,1156.666626,0,60,20,18,94.1111145,51.42856979,0,0,382.6013184,0,0,0,0,0,0,9,189,0,0,1,0,0,0,0,0,100,90,65,40,0,0,0,0,0,0,0,0,0,0,0,0,0,0,0,2,49,0,1,6,0,4,29,0,1,15,0,3,97,0,0,0,0,0,0,0,0,0,0,0,0,0,0,0,0,7,1,0,104,1,2.049999952,1.600000143,1.749999881,2,0,10,9.078361511,2.56718874,6.522704124,0,0,0,0,0,0,0,0,0,0,0,1,0,0,0,1,
5/25/2026 13:47:42,,98b5cd58648ccc538c54839a2f41021ea193b4fc,95.47840881,360,360,120,0,6.923077106,0,2,130,2.857142925,1,29.30693817,56.64943314,9.52165699,27,0,1,0,1,35,1,4,0,1,9,2,1,0,0,0,47.5,90,25,8,0,0,0,0,0,11,0,0,0,0,0,3,0,0,0,0,0,4,0,0,10,0,1,0,0,0,17,0,1,0,0,0,0,0,0,0,2,0,0,0,0,2,1,0,7,1,0,104,1,0,0,0,25,24,0,3.705385685,2.861356258,7.58438158,0,0,0,0,0,0,0,0,0,0,0,0,0,0,3,1,
5/25/2026 13:48:59,,98b5cd58648ccc538c54839a2f41021ea193b4fc,77.04077148,330,330,110,0,4.615384579,3,4,126.75,10,1,19.1635685,55.78868484,2.088323355,22,0,1,0,0,38,2,4,0,0,4,0,0,0,0,60,27.5,40,60,8,0,0,2,0,0,4,0,0,0,0,0,2,0,0,1,0,0,3,0,1,11,0,0,0,0,0,16,2,4,0,0,0,0,0,0,2,0,0,0,0,0,1,0,0,7,1,0,104,1,0,0,0,8,6,0,3.244517326,2.365344286,3.225690365,0,0,0,0,0,0,0,0,0,0,0,0,0,0,0,1,
5/25/2026 13:50:02,,98b5cd58648ccc538c54839a2f41021ea193b4fc,63.20066833,340,340,113.3333359,0,5.384615421,6,3,125.3333359,8.571428299,1,0,63.20066833,0,0,0,0,0,0,42,1,8,0,0,0,0,0,0,0,75,20,60,25,0,0,0,0,0,0,0,0,0,0,0,0,0,0,0,0,0,0,4,1,0,8,0,0,2,0,0,19,0,3,0,0,0,0,0,0,0,0,0,0,0,0,0,0,0,7,1,0,104,1,0,0,0,2,0,10,11.81035137,1.65052259,2.340768814,0,0,0,0,0,0,0,0,0,0,0,0,0,0,0,1,
5/25/2026 13:55:00,,98b5cd58648ccc538c54839a2f41021ea193b4fc,296.8174133,1990,1990,663.333313,0,36.92307663,17,14,101.1428604,35.7142868,1,49.92990112,246.8899841,0,22,6,0,0,0,30,90,24,0,7,0,0,0,0,0,210,78.625,75,20,2,2,0,3,0,0,12,0,0,1,2,0,0,0,0,13,33,2,1,3,0,6,15,1,1,9,0,5,59,5,0,0,0,0,0,0,0,0,0,0,0,0,0,0,0,7,1,0,104,1,0,0,0,10,8,20,8.628245354,2.720217228,4.498533249,0,0,0,0,0,0,0,0,0,0,2,0,0,3,3,1,
5/25/2026 13:55:02,,98b5cd58648ccc538c54839a2f41021ea193b4fc,3.161002636,0,0,0,1,0,17,0,0,0,0,0,3.161002636,0,0,0,0,0,0,0,1,1,0,0,0,0,0,0,0,15,10,0,0,0,0,0,0,0,0,0,0,0,0,0,0,0,0,0,0,0,0,0,0,0,0,0,0,0,0,0,0,1,0,0,0,0,0,0,0,0,0,0,0,0,0,0,0,0,7,1,0,104,1,0,0,0,2,0,0,0.1737678349,1.295219898,0.03766965866,0,0,0,0,0,0,0,0,0,0,0,0,0,0,0,1,
5/25/2026 13:55:42,,98b5cd58648ccc538c54839a2f41021ea193b4fc,39.45909119,210,210,70,0,22.72727203,18,3,19.66666603,21.05263138,1,0,16.67337608,22.78563499,0,0,0,0,0,0,8,2,0,0,8,6,0,0,0,95,50,0,10,0,0,0,0,0,0,0,0,0,0,0,0,0,0,0,0,6,1,0,1,0,0,0,0,0,0,0,0,0,0,5,7,0,0,0,0,1,3,0,0,0,0,0,0,0,3,2,2,50,0,0,0,0,2,0,0,8.396179199,1.549877763,0.4569460452,0,0,0,0,0,0,0,0,0,0,0,0,0,0,0,1,
5/25/2026 13:57:55,,98b5cd58648ccc538c54839a2f41021ea193b4fc,133.9199829,1080,1080,360,0,100,28,9,11.55555534,100,0,84.87247467,49.04815292,0,1,15,2,0,1,0,17,0,0,1,0,0,0,0,0,65,60,0,10,0,60,0,0,2,0,0,5,0,0,3,0,0,0,0,0,15,0,0,2,0,0,2,0,0,0,0,0,0,0,0,0,0,0,0,0,0,0,0,0,0,0,0,0,0,3,2,2,50,0,1.599999905,1.100000024,1.599999905,4,2,0,8.834663391,1.709617138,1.316389203,0,0,0,1,0,0,0,0,0,0,0,1,0,0,0,1,
5/25/2026 13:58:52,,98b5cd58648ccc538c54839a2f41021ea193b4fc,54.64073563,260,260,86.66666412,0,26.92307663,29,1,21,12.5,1,0,54.64073563,0,0,0,0,0,0,4,8,5,1,2,0,0,0,0,0,100,0,60,50,0,0,0,0,0,0,0,0,0,0,0,0,0,0,0,3,1,0,0,0,0,0,0,0,2,5,1,0,6,0,0,0,0,0,0,0,0,0,0,0,0,0,0,0,0,5,1,2,78,1,0,0,0,2,0,0,1.030272603,1.829605341,0.6423999071,0,0,0,0,0,0,0,0,0,0,1,0,0,2,0,1,
5/25/2026 14:00:59,,98b5cd58648ccc538c54839a2f41021ea193b4fc,126.3995285,640,640,213.3333282,0,65.38461304,33,4,15.25,50,1,4.599906921,121.7995453,0,0,1,0,0,0,3,32,11,3,8,0,0,0,0,0,245,30,60,25,0,0,0,0,0,0,0,0,0,0,3,0,0,0,0,0,10,1,0,0,0,0,6,0,2,9,1,0,9,3,0,0,0,0,0,0,0,0,0,0,0,0,0,0,0,5,1,2,78,1,0,0,0,6,3,0,4.895536423,1.768307209,1.328538895,0,0,0,0,0,0,0,0,0,0,0,0,0,6,7,1,
5/25/2026 14:01:00,,98b5cd58648ccc538c54839a2f41021ea193b4fc,2.005450487,0,0,0,1,0,33,0,0,0,0,0,2.005450487,0,0,0,0,0,0,0,0,0,0,0,0,0,0,0,0,0,10,5,0,0,0,0,0,0,0,0,0,0,0,0,0,0,0,0,0,0,0,0,0,0,0,0,0,0,0,0,0,0,0,0,0,0,0,0,0,0,0,0,0,0,0,0,0,0,5,1,2,78,1,0,0,0,2,0,0,2.779571295,1.876468897,0.01423174608,0,0,0,0,0,0,0,0,0,0,0,0,0,0,0,1,
5/25/2026 14:02:06,,98b5cd58648ccc538c54839a2f41021ea193b4fc,65.35477448,660,660,220,0,57.1428566,39,4,10,52.63158035,0,57.70215225,7.652526379,0,40,6,1,0,0,0,2,1,0,0,0,0,0,0,0,60,10,0,40,0,0,0,3,0,0,21,18,0,0,3,0,0,0,0,0,0,0,0,0,0,0,2,0,0,0,0,0,0,0,0,0,0,0,0,0,0,0,0,0,0,0,0,0,0,4,1,0,1,1,1.299999952,1.100000024,1.149999976,4,2,0,2.090260506,2.439460516,0.5945879221,0,0,0,0,0,0,0,0,0,0,0,0,0,0,0,1,
5/25/2026 14:05:08,,98b5cd58648ccc538c54839a2f41021ea193b4fc,182.1775513,1430,1430,476.6666565,0,75.75757599,45,7,13,72.22222137,0,78.73459625,103.4451523,0,6,12,2,1,0,6,31,6,2,3,0,0,0,0,0,20,149.75,35,25,0,13,0,0,11,2,0,4,0,0,0,0,2,6,0,0,3,0,3,2,2,0,2,0,0,1,0,1,36,4,0,0,0,0,0,0,0,0,0,0,0,0,0,0,0,1,2,1,103,1,1.149999976,1.100000024,1.749999881,11,9,0,6.185434341,1.578820944,1.235062361,0,0,0,0,0,0,0,0,0,0,0,3,0,0,0,1,
5/25/2026 14:06:50,,98b5cd58648ccc538c54839a2f41021ea193b4fc,102.2008209,940,940,313.3333435,0,100,54,8,6.125,89.47368622,0,79.87703705,22.32322884,0,4,15,5,1,1,0,6,0,0,0,0,0,0,0,0,140,9.75,25,40,0,0,0,0,3,0,2,39,0,0,0,0,0,22,0,0,0,0,0,0,0,0,6,0,0,0,0,0,0,0,0,0,0,0,0,0,0,0,0,0,0,0,0,0,0,3,2,2,56,1,1.299999952,1.300000072,1.449999928,4,0,0,10.28579426,1.808622718,0.5281313062,0,0,0,0,1,0,0,0,0,0,0,0,0,0,0,1,
5/25/2026 14:08:59,,98b5cd58648ccc538c54839a2f41021ea193b4fc,128.3200531,790,790,263.3333435,0,14.61538506,58,6,123,14.28571415,1,56.81319046,71.5070343,0,30,14,3,0,1,8,23,6,0,0,0,0,0,0,0,30,67.25,60,30,6,22,0,0,0,0,12,15,0,3,3,0,2,2,0,0,0,0,2,3,0,3,1,0,0,1,0,3,17,1,0,0,0,0,0,0,0,0,0,0,0,0,0,0,0,7,1,0,104,1,0,0,0,10,6,30,8.007702827,1.952592731,0.7707422376,0,0,0,0,0,0,0,0,0,0,0,0,0,0,0,1,
5/25/2026 16:49:04,,85b4bc4ff90350460397141fc8deb0ec28f7c452,12.95975304,0,0,0,0,0,0,0,0,0,1,0,12.95975304,0,0,0,0,0,0,8,0,1,0,0,0,0,0,0,0,80,0,60,5,0,0,0,0,0,0,0,0,0,0,0,0,0,0,0,0,0,0,0,0,0,0,0,0,4,0,1,5,0,0,0,0,0,0,0,0,0,0,0,0,0,0,0,0,0,5,1,2,78,1,0,0,0,1,0,0,3.143096447,1.47027266,5.592044353,0,0,0,0,0,0,0,0,0,0,0,0,0,0,0,,
5/25/2026 16:49:40,,85b4bc4ff90350460397141fc8deb0ec28f7c452,36.56009293,60,60,20,0,0,2,2,26,25,1,0,36.56009293,0,0,0,0,0,0,19,0,10,0,0,0,0,0,0,0,90,0,30,50,0,0,0,0,0,0,0,0,0,0,0,0,0,0,0,4,0,0,0,0,0,0,0,0,4,0,2,5,0,0,0,0,0,0,0,0,0,0,0,0,0,0,0,0,0,5,1,2,78,1,0,0,0,2,0,0,4.923419952,2.117567778,6.216901779,0,0,0,0,0,0,0,0,0,0,0,0,0,0,0,,
5/25/2026 16:54:09,,f1a4449c6226701e739e2bc22af4f939fffb6280,82.83985138,550,550,183.3333282,0,26.92307663,0,0,0,0,0,1.455060005,81.26834869,0.1164346784,0,0,0,0,0,0,17,0,0,0,0,0,0,0,0,60,0,45,0,0,0,0,0,0,0,0,0,0,0,0,0,0,0,0,0,0,0,0,0,0,0,3,0,0,4,0,0,10,0,0,0,0,0,0,0,0,0,0,0,0,0,0,0,0,5,1,2,78,1,1,1,1,5,0,100,10.06020164,1.393848062,7.664288998,0,0,0,0,0,0,0,0,0,0,0,0,0,0,0,1,
5/25/2026 16:54:54,,f1a4449c6226701e739e2bc22af4f939fffb6280,45.41961288,260,260,86.66666412,0,18.18181801,2,3,18.66666603,27.77777863,1,0,45.41961288,0,0,0,0,0,0,1,10,0,0,0,0,0,0,0,0,30,30,75,20,0,0,0,0,0,0,0,0,0,0,0,0,0,0,0,0,3,0,0,5,0,0,0,0,0,0,0,0,0,0,0,0,0,0,0,0,0,0,0,0,0,0,0,0,0,1,2,1,103,1,0,0,0,2,0,0,3.219045639,1.61228931,1.997668028,0,0,0,0,0,0,0,0,0,0,0,0,0,0,0,1,
5/25/2026 16:55:15,,f1a4449c6226701e739e2bc22af4f939fffb6280,20.82011032,60,60,20,0,3.030303001,2,1,0,5.555555344,1,0,20.82011032,0,0,0,0,0,0,2,1,9,0,0,0,0,0,0,0,45,20,75,20,0,0,0,0,0,0,0,0,0,0,0,0,0,0,0,1,1,1,1,0,0,0,0,0,0,0,0,2,0,6,0,0,0,0,0,0,0,0,0,0,0,0,0,0,0,1,2,1,103,1,0,0,0,2,0,0,1.640606165,1.092073679,1.326560259,0,0,0,0,0,0,0,0,0,0,0,0,0,0,0,1,
5/25/2026 16:55:38,,f1a4449c6226701e739e2bc22af4f939fffb6280,22.81964302,60,60,20,0,0,3,2,16.5,16.66666603,1,0,22.81964302,0,0,0,0,0,0,1,1,6,0,0,0,0,0,0,0,15,60,55,25,0,0,0,0,0,0,0,0,0,0,0,0,0,0,0,2,0,0,0,0,0,0,0,0,0,0,0,2,0,1,0,0,0,0,0,0,0,0,0,0,0,0,0,0,0,1,2,1,103,1,0,0,0,2,0,0,3.593729019,1.209936619,1.039965987,0,0,0,0,0,0,0,0,0,0,0,1,0,0,0,1,
5/25/2026 16:56:24,,f1a4449c6226701e739e2bc22af4f939fffb6280,46.4998703,470,470,156.6666718,0,6.060606003,9,3,22,50,0,0,46.4998703,0,0,0,0,0,0,1,4,8,0,1,0,0,0,0,0,40,80,75,20,0,0,0,0,0,0,0,0,0,0,0,0,0,0,0,0,0,1,0,0,0,0,2,0,0,0,0,0,4,6,0,0,0,0,0,0,0,0,0,0,0,0,0,0,0,1,2,1,103,1,1.149999976,1,1.299999952,2,0,0,4.222249508,1.562275648,1.536285996,0,0,0,0,0,0,0,0,0,0,0,2,0,0,0,1,
5/25/2026 16:57:22,,f1a4449c6226701e739e2bc22af4f939fffb6280,58.79964066,380,380,126.6666641,0,5.384615421,16,6,130,18.5714283,1,0,58.79964066,0,0,0,0,0,0,0,9,8,0,0,0,0,0,0,0,110,20,55,10,0,0,0,0,0,0,0,0,0,0,0,0,0,0,0,0,11,0,0,1,0,0,0,1,1,1,1,0,4,0,0,0,0,0,0,0,0,0,0,0,0,0,0,0,0,7,1,0,104,1,0,0,0,2,0,0,2.039258957,2.598957062,1.196062446,0,0,0,0,0,0,0,0,0,0,0,0,0,0,0,1,
5/25/2026 16:58:02,,f1a4449c6226701e739e2bc22af4f939fffb6280,39.18012619,240,240,80,0,2.307692289,20,5,129.1999969,12.85714245,1,0,39.18012619,0,0,0,0,0,0,0,4,7,0,0,0,0,0,0,0,135,10,45,5,0,0,0,0,0,0,0,0,0,0,0,0,0,0,0,0,5,0,0,1,0,0,0,0,0,1,0,0,5,2,0,0,0,0,0,0,0,0,0,0,0,0,0,0,0,7,1,0,104,1,0,0,0,2,0,0,3.260326624,2.67013669,0.7702916265,0,0,0,0,0,0,0,0,0,0,0,0,0,0,0,1,
5/25/2026 16:59:28,,f1a4449c6226701e739e2bc22af4f939fffb6280,86.44117737,500,500,166.6666718,0,3.076923132,22,2,128.5,5.714285851,0,26.50120544,57.78341675,2.156839132,0,1,4,0,0,1,8,22,0,0,0,0,1,0,0,40,54.5,75,0,0,0,0,0,0,0,0,0,0,0,0,0,0,4,0,0,0,0,0,2,0,0,1,0,1,0,0,0,5,0,0,0,0,0,0,0,0,0,0,0,0,0,0,0,0,7,1,0,104,1,1.149999976,1,1.149999976,9,3,20,6.530972958,1.502233744,2.120168209,0,0,0,0,0,0,0,0,0,0,0,0,0,0,0,1,
5/25/2026 17:00:30,,f1a4449c6226701e739e2bc22af4f939fffb6280,61.39938354,660,660,220,0,40.90909195,29,5,19.60000038,63.15789413,0,0,61.39938354,0,0,0,0,0,0,1,15,2,0,0,0,0,0,0,0,75,40,0,10,0,0,0,0,0,0,0,0,0,0,0,0,0,0,0,0,19,0,0,2,0,0,0,0,0,1,0,0,0,0,0,0,0,0,0,0,0,0,0,0,0,0,0,0,0,3,2,2,50,0,1.299999952,1.300000072,1,2,0,0,3.449503422,1.575695992,1.182278037,0,0,0,0,0,0,0,0,0,0,0,0,0,0,0,1,
5/25/2026 17:01:21,,f1a4449c6226701e739e2bc22af4f939fffb6280,50.19903564,540,540,180,0,28.5714283,36,4,14,57.89473724,0,0,50.19903564,0,0,0,0,0,0,0,9,2,0,0,0,0,0,0,0,20,30,0,40,0,0,0,0,0,0,0,0,0,0,0,0,0,0,0,0,0,0,0,1,0,0,7,0,0,1,0,0,0,0,0,0,0,0,0,0,0,0,0,0,0,0,0,0,0,4,1,0,1,1,1.299999952,1.200000048,1,2,0,0,1.757373333,2.201501608,0.9897224903,0,0,0,0,0,0,0,0,0,0,0,0,0,0,0,1,
5/25/2026 17:02:15,,f1a4449c6226701e739e2bc22af4f939fffb6280,53.68086624,560,560,186.6666718,0,41.66666794,42,3,10.66666698,47.36841965,0,0,53.68086624,0,0,0,0,0,0,3,15,4,0,0,0,0,0,0,0,20,10,15,0,0,0,0,0,0,0,0,0,0,0,0,0,0,0,0,0,0,0,0,1,0,2,7,0,0,0,0,0,5,2,0,0,0,0,0,0,0,0,0,0,0,0,0,0,0,3,2,2,56,1,1.149999976,1.100000024,1.149999976,2,0,0,1.795054436,1.303968072,0.5829696059,0,0,0,0,0,0,0,0,0,0,0,0,0,0,0,1,
5/25/2026 17:02:46,,f1a4449c6226701e739e2bc22af4f939fffb6280,32.03940201,300,300,100,0,0,43,0,0,6.25,0,0,32.03940201,0,0,0,0,0,0,0,0,5,0,0,0,0,0,0,0,80,0,30,0,0,0,0,0,0,0,0,0,0,0,0,0,0,0,0,0,0,0,0,0,0,0,0,0,0,0,0,0,0,0,0,0,0,0,0,0,0,0,0,0,0,0,0,0,0,5,1,2,78,1,1,1,1,2,0,100,12.43163681,2.159230947,0.566103816,0,0,0,0,0,0,0,0,0,0,0,0,0,0,0,1,
5/25/2026 17:03:22,,f1a4449c6226701e739e2bc22af4f939fffb6280,36.34024048,330,330,110,0,18.18181801,48,5,23.60000038,55.55555725,1,0,36.34024048,0,0,0,0,0,0,0,9,2,0,0,0,0,0,0,0,0,80,35,80,0,0,0,0,0,0,0,0,0,0,0,0,0,0,0,0,1,0,0,6,0,0,0,0,0,0,0,0,3,2,0,0,0,0,0,0,0,0,0,0,0,0,0,0,0,1,2,1,103,1,0,0,0,2,0,0,7.440440655,1.762926221,0.5531621575,0,0,0,0,0,0,0,0,0,0,0,0,0,0,0,1,
5/25/2026 17:04:14,,f1a4449c6226701e739e2bc22af4f939fffb6280,52.13930893,590,590,196.6666718,0,15.15151501,55,4,23.25,61.11111069,0,0,52.13930893,0,0,0,0,0,0,1,9,8,0,0,0,0,0,0,0,0,70,70,40,0,0,0,0,0,0,0,0,0,0,0,0,0,0,0,0,1,1,0,2,0,1,2,0,0,1,0,1,4,9,0,0,0,0,0,0,0,0,0,0,0,0,0,0,0,1,2,1,103,1,1.149999976,1.200000048,1.149999976,2,0,0,4.279418945,1.673685551,0.6212781668,0,0,0,0,0,0,0,0,0,0,0,0,0,0,0,1,
5/25/2026 17:05:43,,f1a4449c6226701e739e2bc22af4f939fffb6280,89.07998657,860,860,286.6666565,0,15.38461494,67,10,125.9000015,31.4285717,1,0,89.07998657,0,0,0,0,0,0,6,23,10,0,0,0,0,0,0,0,145,60,25,20,0,0,0,0,0,0,0,0,0,0,0,0,0,0,0,4,17,3,1,2,0,0,1,0,2,9,1,2,6,1,0,0,0,0,0,0,0,0,0,0,0,0,0,0,0,7,1,0,104,1,0,0,0,2,0,0,5.888286591,2.380202532,0.771164,0,0,0,0,0,0,0,0,0,0,0,0,0,0,0,1,
5/25/2026 17:06:55,,f1a4449c6226701e739e2bc22af4f939fffb6280,60.50133896,360,360,120,0,0.769230783,67,1,130,1.428571463,0,0,60.50133896,0,0,0,0,0,0,0,1,20,0,0,0,0,0,0,0,20,20,35,0,0,0,0,0,0,0,0,0,0,0,0,0,0,0,0,0,0,0,0,1,0,0,0,0,0,0,0,0,0,1,0,0,0,0,0,0,0,0,0,0,0,0,0,0,0,7,1,0,104,1,1,1.100000024,1,2,0,20,7.294318676,2.144010305,0.6586828232,0,0,0,0,0,0,0,0,0,0,0,0,0,0,0,1,
5/25/2026 17:07:26,,f1a4449c6226701e739e2bc22af4f939fffb6280,41.73976898,530,530,176.6666718,0,27.27272797,74,3,22,52.63158035,0,0,41.73976898,0,0,0,0,0,0,0,8,7,0,0,0,0,0,0,0,75,10,0,5,0,0,0,0,0,0,0,0,0,0,0,0,0,0,0,0,12,0,0,1,0,0,0,0,0,1,0,0,0,0,0,0,0,0,0,0,0,0,0,0,0,0,0,0,0,3,2,2,50,0,1.299999952,1,1.149999976,2,0,0,1.699710608,1.456950068,0.4370186627,0,0,0,0,0,0,0,0,0,0,0,0,0,0,0,1,
5/25/2026 17:08:19,,f1a4449c6226701e739e2bc22af4f939fffb6280,52.59972763,600,600,200,0,28.5714283,80,6,14,63.15789413,0,2.538944006,50.06074524,0,0,0,1,0,0,0,6,12,0,0,0,0,0,0,0,20,20,0,20,0,0,0,0,0,0,0,0,0,0,0,0,0,0,0,0,0,0,0,1,0,0,4,0,0,1,0,0,0,0,0,0,0,0,0,0,0,0,0,0,0,0,0,0,0,4,1,0,1,1,1.299999952,1.200000048,1.299999952,3,1,0,1.632876754,1.703260064,0.5470491648,0,0,0,0,0,0,0,0,0,0,0,0,0,0,0,1,
5/25/2026 17:09:00,,f1a4449c6226701e739e2bc22af4f939fffb6280,42.05979156,530,530,176.6666718,0,33.33333206,83,3,11,31.57894707,0,0,42.05979156,0,0,0,0,0,0,0,12,11,0,0,0,0,0,0,0,0,10,25,0,0,0,0,0,0,0,0,0,0,0,0,0,0,0,0,0,0,0,0,1,0,0,5,0,0,0,0,0,4,2,0,0,0,0,0,0,0,0,0,0,0,0,0,0,0,3,2,2,56,1,1.149999976,1,1.299999952,2,0,0,1.439575553,1.625246406,0.2875678837,0,0,0,0,0,0,0,0,0,0,0,0,0,0,0,1,
5/25/2026 18:31:21,,6af69727f4e722686c620f409a9a22dfdd1596cf,132.2387085,700,700,233.3333282,0,73.07691956,8,4,15.75,75,1,30.860466,65.49804688,35.879879,16,3,1,0,0,22,9,3,7,0,37,6,0,3,0,95,59.75,55,60,8,0,0,0,0,0,0,1,0,3,4,0,0,0,0,0,0,0,0,0,0,4,2,0,6,1,7,6,4,9,10,1,0,0,0,1,5,3,1,5,0,2,0,0,1,5,1,2,78,1,0,0,0,9,7,100,7.286261559,2.289912462,7.787218571,0,0,0,0,0,0,0,0,0,0,0,0,0,0,3,1,
5/25/2026 18:31:37,,6af69727f4e722686c620f409a9a22dfdd1596cf,15.59950542,60,60,20,0,7.692307472,9,0,0,6.25,1,0,15.59950542,0,0,0,0,0,0,4,3,1,2,0,0,0,0,0,0,80,10,60,40,0,0,0,0,0,0,0,0,0,0,0,0,0,0,0,0,0,0,0,0,0,0,0,0,0,2,0,1,1,3,0,0,0,0,0,0,0,0,0,0,0,0,0,0,0,5,1,2,78,1,0,0,0,2,0,0,2.055706501,1.788783312,0.6856939793,0,0,0,0,0,0,0,0,0,0,0,0,0,0,1,1,
5/25/2026 18:31:41,,6af69727f4e722686c620f409a9a22dfdd1596cf,0.9599997401,0,0,0,0,0,9,0,0,0,1,0,0.9599997401,0,0,0,0,0,0,0,0,0,0,0,0,0,0,0,0,0,0,10,0,0,0,0,0,0,0,0,0,0,0,0,0,0,0,0,0,0,0,0,0,0,0,0,0,0,0,0,0,0,0,0,0,0,0,0,0,0,0,0,0,0,0,0,0,0,5,1,2,78,1,0,0,0,2,0,0,2.746001244,2.116395473,0.02026051097,0,0,0,0,0,0,0,0,0,0,0,0,0,0,0,1,
5/25/2026 18:31:51,,6af69727f4e722686c620f409a9a22dfdd1596cf,3.087623119,0,0,0,0,0,9,0,0,0,1,0,3.087623119,0,0,0,0,0,0,0,0,0,0,0,0,0,0,0,0,0,0,20,0,0,0,0,0,0,0,0,0,0,0,0,0,0,0,0,0,0,0,0,0,0,0,0,0,0,0,0,0,0,0,0,0,0,0,0,0,0,0,0,0,0,0,0,0,0,5,1,2,78,1,0,0,0,2,0,0,2.588322163,2.21785903,0.1138983294,0,0,0,0,0,0,0,0,0,0,0,0,0,0,0,1,
5/25/2026 18:32:16,,6af69727f4e722686c620f409a9a22dfdd1596cf,33.95410156,0,0,0,0,0,9,0,0,0,1,1.869888902,32.08427811,0,2,0,0,0,0,0,0,2,1,0,0,0,0,0,0,40,0,70,0,0,0,0,0,0,0,0,0,0,0,0,0,0,0,0,0,0,0,0,0,0,0,0,0,0,0,0,0,0,0,0,0,0,0,0,0,0,0,0,0,0,0,0,0,0,5,1,2,78,1,0,0,0,5,0,0,11.14422798,5.216025829,1.755201817,0,0,0,0,0,0,0,0,0,0,0,0,0,0,0,1,
5/25/2026 18:34:44,,6af69727f4e722686c620f409a9a22dfdd1596cf,148.3580933,1060,1060,353.3333435,0,80.7692337,17,4,15.25,75,0,66.27237701,82.08667755,0,48,4,0,2,0,28,9,4,7,3,0,0,0,0,0,70,47.5,85,80,8,8,0,1,0,0,7,0,6,10,5,3,1,0,0,3,1,4,1,0,2,4,1,0,5,3,2,7,3,13,0,0,0,0,0,0,0,0,0,0,0,0,0,0,0,5,1,2,78,1,1.449999928,1.100000024,1,9,7,0,2.857189417,1.800185442,3.429379702,0,0,0,0,0,0,0,0,0,0,0,1,0,0,3,1,
5/25/2026 18:36:16,,6af69727f4e722686c620f409a9a22dfdd1596cf,87.75991058,740,740,246.6666718,0,75,23,5,8.399999619,57.89473724,0,72.34903717,15.41059875,0,14,10,2,0,1,9,3,0,1,0,0,0,0,0,0,40,0,5,0,0,0,0,3,0,0,8,38,0,0,0,0,0,0,0,0,0,0,0,0,0,2,0,0,0,0,0,3,3,3,0,0,0,0,0,0,0,0,0,0,0,0,0,0,0,3,2,2,56,1,1.599999905,1.100000024,1,8,6,0,2.981598139,1.809812427,0.9767362475,0,0,0,0,0,0,0,0,0,0,0,0,0,0,1,1,
5/25/2026 18:38:26,,6af69727f4e722686c620f409a9a22dfdd1596cf,130.6197662,930,930,310,0,81.8181839,31,7,15,78.94736481,0,62.42383194,14.08123493,54.11437225,31,5,1,0,0,8,1,0,1,1,38,17,0,0,0,60,30,0,0,13,19,0,3,3,0,6,0,0,0,0,0,0,0,0,9,1,0,0,0,0,0,0,0,0,0,0,0,0,0,16,12,0,0,2,0,2,2,0,2,0,0,0,0,0,3,2,2,50,0,1.299999952,1.200000048,1.449999928,6,4,0,3.446856022,1.574784994,1.474732041,0,0,0,0,0,0,0,0,0,0,0,1,0,0,0,1,
5/25/2026 18:40:15,,6af69727f4e722686c620f409a9a22dfdd1596cf,107.6415024,600,600,200,0,10.76923084,36,5,124.1999969,14.28571415,1,41.81036758,19.90472794,45.92628098,39,1,0,1,0,9,4,1,3,0,47,11,1,2,0,95,39.75,40,50,2,0,0,3,0,0,18,4,0,0,0,2,0,0,2,1,1,1,1,0,2,0,0,0,0,0,0,7,2,7,4,8,0,0,0,0,6,1,0,2,2,0,13,1,5,7,1,0,104,1,0,0,0,10,7,0,3.91270709,2.754617214,0.9507415295,0,0,0,0,0,0,0,0,0,0,0,1,0,0,3,1,
5/25/2026 18:40:16,,6af69727f4e722686c620f409a9a22dfdd1596cf,1.688026428,0,0,0,0,0,36,0,0,0,1,0,1.688026428,0,0,0,0,0,0,0,0,0,0,0,0,0,0,0,0,0,10,0,5,0,0,0,0,0,0,0,0,0,0,0,0,0,0,0,0,0,0,0,0,0,0,0,0,0,0,0,0,0,0,0,0,0,0,0,0,0,0,0,0,0,0,0,0,0,7,1,0,104,1,0,0,0,2,0,0,1.252694249,2.060374022,0.007219789084,0,0,0,0,0,0,0,0,0,0,0,0,0,0,0,1,
5/25/2026 18:40:25,,6af69727f4e722686c620f409a9a22dfdd1596cf,7.673009396,0,0,0,1,0,36,0,0,0,0,0,7.673009396,0,0,0,0,0,0,0,0,0,0,0,0,0,0,0,0,0,20,0,0,0,0,0,0,0,0,0,0,0,0,0,0,0,0,0,0,0,0,0,0,0,0,0,0,0,0,0,0,0,0,0,0,0,0,0,0,0,0,0,0,0,0,0,0,0,7,1,0,104,1,0,0,0,2,0,0,0.4591659009,0.862493813,0.06749925762,0,0,0,0,0,0,0,0,0,0,0,0,0,0,0,1,